UCIPPMRA040LQr5QPyJEbmXA	001	Dy06SXknr_g	We Built the Earth in Minecraft!
UCIPPMRA040LQr5QPyJEbmXA	002	gVE2t-LRK-s	Whatever You Hide As, You Keep!
UCIPPMRA040LQr5QPyJEbmXA	003	PRp5Y543LN0	Exploring My Abandoned Minecraft Server
UCIPPMRA040LQr5QPyJEbmXA	004	nH9R0Jpqeqc	10 YouTubers vs 2 Secret Traitors
UCIPPMRA040LQr5QPyJEbmXA	005	wZW016nna48	If You Build It, I'll Buy It!
UCIPPMRA040LQr5QPyJEbmXA	006	5F5MKI_jXJw	I Survived 100 Days In Realistic Minecraft
UCIPPMRA040LQr5QPyJEbmXA	007	FO9kMeIQI7M	10 YouTubers vs 1 Secret Traitor
UCIPPMRA040LQr5QPyJEbmXA	008	Caxv8tLATnc	I Got Hunted By 50 Pros
UCIPPMRA040LQr5QPyJEbmXA	009	Vo6QTBMdUfU	1 Day vs 50,000 Day Build Challenge
UCIPPMRA040LQr5QPyJEbmXA	010	QF5YpZI1wnk	I Survived 100 Days in Skyblock
UCIPPMRA040LQr5QPyJEbmXA	011	70LOaxzmcg4	Press This Button To Win $250,000
UCIPPMRA040LQr5QPyJEbmXA	012	wyKNY1_HnTc	Countries Decide Who Wins $25,000
UCIPPMRA040LQr5QPyJEbmXA	013	XrAoDZLZZ1g	1 Minute vs 10 Year Build Challenge
UCIPPMRA040LQr5QPyJEbmXA	014	bU8emuzp2BI	4 Pros vs 1000 Players
UCIPPMRA040LQr5QPyJEbmXA	015	90lzlq8AEX0	Survive 99 Nights, Win $99,000
UCIPPMRA040LQr5QPyJEbmXA	016	2FE7pOBbRn8	We Built America in Minecraft
UCIPPMRA040LQr5QPyJEbmXA	017	zPbrkmdcTfo	1000 Players Simulate Civilization: Boys vs Girls
UCIPPMRA040LQr5QPyJEbmXA	018	DWCl2dN6hpg	1 Pro vs 500 Hunters
UCIPPMRA040LQr5QPyJEbmXA	019	BdyAkaHniAw	100 YouTuber Battle Royale
UCIPPMRA040LQr5QPyJEbmXA	020	qTMKHZelGAs	We Built New York In Minecraft
UCIPPMRA040LQr5QPyJEbmXA	021	1Vg00spYj2g	100 YouTubers Vs World’s Deadliest Player
UCIPPMRA040LQr5QPyJEbmXA	022	ICNtItWYMNE	World's Deadliest Explosion!
UCIPPMRA040LQr5QPyJEbmXA	023	KRr0i2akDlk	Beat This Game, Win $250,000
UCIPPMRA040LQr5QPyJEbmXA	024	npNmyb-qqGw	Survive 1000 Days, Win $100,000
UCIPPMRA040LQr5QPyJEbmXA	025	YWeEE9vchDo	$1 vs $25,000 Trap
UCIPPMRA040LQr5QPyJEbmXA	026	9OHRtUHezTk	$10,000 Every Boss You Beat
UCIPPMRA040LQr5QPyJEbmXA	027	usGPK2hHomI	$1,000 Every Minute You Survive
UCIPPMRA040LQr5QPyJEbmXA	028	jEG8wuUE1pY	$1 vs $25,000 Secret Rooms
UCIPPMRA040LQr5QPyJEbmXA	029	hbRQ59R6-b8	Last Team Standing Wins $250,000
UCIPPMRA040LQr5QPyJEbmXA	030	xiFsAjUDwdU	Beat This Race, Win This Lamborghini!
UCIPPMRA040LQr5QPyJEbmXA	031	k3bxIR2mQng	1 Hour Of Top Minecraft Moments
UCIPPMRA040LQr5QPyJEbmXA	032	ZqHsuM07hXk	Escape 50 Cops, Win $100,000
UCIPPMRA040LQr5QPyJEbmXA	033	wDnHiCWDU2E	1 Hour Of Minecraft Survival
UCIPPMRA040LQr5QPyJEbmXA	034	vRY4BjjJgQs	100 Assassins vs 10 Real Soldiers
UCIPPMRA040LQr5QPyJEbmXA	035	gfDwrD2kLpE	1 Hour Of Ultimate GTA
UCIPPMRA040LQr5QPyJEbmXA	036	zp_S2Uwjb-M	$10,000 Every Explosion You Survive
UCIPPMRA040LQr5QPyJEbmXA	037	2C6omXxIcyE	$1 vs $25,000 Build Challenge
UCIPPMRA040LQr5QPyJEbmXA	038	5FlveALbzFk	50 YouTubers Fight For $100,000
UCIPPMRA040LQr5QPyJEbmXA	039	lJrHLnhJl-M	Press This Button = Win $100,000!
UCIPPMRA040LQr5QPyJEbmXA	040	D5tvW00SZFc	Would You Rather Have $10,000 or This Mystery Box!
UCIPPMRA040LQr5QPyJEbmXA	041	ilS38Z0vysA	100 Assassins vs 10 Real Cops!
UCIPPMRA040LQr5QPyJEbmXA	042	RvYkeTmM1gc	If You Build It, I'll Pay For It!
UCIPPMRA040LQr5QPyJEbmXA	043	WkZHyBc3Xnc	World's Hardest Challenge!
UCIPPMRA040LQr5QPyJEbmXA	044	rncjTx-rRVc	100 YouTubers Vs. World's Deadliest Tournament
UCIPPMRA040LQr5QPyJEbmXA	045	6T67I2w1G2U	YouTubers Fight for $1,000,000 - Minecraft Challenge
UCIPPMRA040LQr5QPyJEbmXA	046	nyPcE29NNBU	Minecraft with Ultra Realistic Graphics!
UCIPPMRA040LQr5QPyJEbmXA	047	FKuLIrwIjt8	Extreme Squid Game Challenge!
UCIPPMRA040LQr5QPyJEbmXA	048	nopEs-K4ExM	World's Fastest Car!
UCIPPMRA040LQr5QPyJEbmXA	049	qjoz-CAO3xQ	100 Kills = $500,000 Challenge!
UCIPPMRA040LQr5QPyJEbmXA	050	mkKteoXE-X0	1000 Players Simulate Civilization!
UCIPPMRA040LQr5QPyJEbmXA	051	JeTkMdw6RK8	World's Largest Experiment!
UCIPPMRA040LQr5QPyJEbmXA	052	QO7e_RiMVQg	Insane $100,000 Challenge!
UCIPPMRA040LQr5QPyJEbmXA	053	1lIi1txDVzo	$1 VS $29,000 House!
UCIPPMRA040LQr5QPyJEbmXA	054	IyEBRZsLZc8	1,000 Tanks Vs Titan Enderman!
UCIPPMRA040LQr5QPyJEbmXA	055	VWNdhuV6mwA	World's Largest Challenge!
UCIPPMRA040LQr5QPyJEbmXA	056	rdsXcS4guLQ	10 vs 1000 Player Manhunt!
UCIPPMRA040LQr5QPyJEbmXA	057	L678M0y86dw	GTA Wanted Level 100!
UCIPPMRA040LQr5QPyJEbmXA	058	z2bcQBZyaY8	100,000 Player Building Challenge!
UCIPPMRA040LQr5QPyJEbmXA	059	Y3Lo33k4X44	Blowing Up Earth!
UCIPPMRA040LQr5QPyJEbmXA	060	s72dhTVYKtM	$45,600 Squid Game Challenge!
UCIPPMRA040LQr5QPyJEbmXA	061	t2AB05DypWk	First To Raid Island Wins $100,000!
UCIPPMRA040LQr5QPyJEbmXA	062	APHXbkXHdy0	Don't Open The Wrong Box!
UCIPPMRA040LQr5QPyJEbmXA	063	VQY_m3wCBCE	1000 vs 1000 Player War!
UCIPPMRA040LQr5QPyJEbmXA	064	nJfVSMZzudk	100 People Decide Who Wins $30,000!
UCIPPMRA040LQr5QPyJEbmXA	065	IPtpwh7r0Eo	$2 VS $16,000 Minecraft House!
UCIPPMRA040LQr5QPyJEbmXA	066	OF7SU-bm_IU	World's Most Overpowered Weapons!
UCIPPMRA040LQr5QPyJEbmXA	067	dmNUwPxAuow	$1000 For Every Kill!
UCIPPMRA040LQr5QPyJEbmXA	068	jk6thMe6Vq8	I Survived 100 Days Of Hardcore Minecraft!
UCIPPMRA040LQr5QPyJEbmXA	069	_euAXwajVis	Walking Across The Entire Universe!
UCIPPMRA040LQr5QPyJEbmXA	070	dLDj2TTyMGM	1 vs 100 Player Manhunt!
UCIPPMRA040LQr5QPyJEbmXA	071	hK6A_ebUKrM	World’s Largest Ramp!
UCIPPMRA040LQr5QPyJEbmXA	072	WLFEKf34a5U	I Gave Away My Credit Card!
UCIPPMRA040LQr5QPyJEbmXA	073	0QRTAwJoXuk	10,000 Zombies vs Mutant Wither!
UCIPPMRA040LQr5QPyJEbmXA	074	HRdyfERwQZs	Mining 1,000,000 Blocks Alone!
UCIPPMRA040LQr5QPyJEbmXA	075	iSvsf27wRns	If You Build A Lambo I'll Pay For It!
UCIPPMRA040LQr5QPyJEbmXA	076	wnWbb3_U9Gc	$10,000 For Every Diamond!
UCIPPMRA040LQr5QPyJEbmXA	077	wW8FnNghyvI	1000 People Build 10 Countries!
UCIPPMRA040LQr5QPyJEbmXA	078	ABTdTTnnEU8	World’s Largest Explosion!
UCIPPMRA040LQr5QPyJEbmXA	079	Xqamnbm-ZLA	Hide And Seek Across The Earth!
UCIPPMRA040LQr5QPyJEbmXA	080	FkVuYmRdI64	Giving A Random Player $50,000 If We Win!
UCIPPMRA040LQr5QPyJEbmXA	081	eLSc9ZZ1UJI	1000 People vs 1 Infected!
UCIPPMRA040LQr5QPyJEbmXA	082	Z5TQBkJJlFE	Donating $100,000 To Twitch Streamers!
UCIPPMRA040LQr5QPyJEbmXA	083	2O-9RmuiXog	Would You Risk $5,000 for $100,000?
UCIPPMRA040LQr5QPyJEbmXA	084	ZHxAkxGBUhc	Donating $50,000 If You Beat Minecraft!
UCIPPMRA040LQr5QPyJEbmXA	085	PwAMVSqP8_w	I Hosted A $50,000 Talent Show!
UCIPPMRA040LQr5QPyJEbmXA	086	ork4qET7pV0	Minecraft But Everything is 10x Bigger!
UCIPPMRA040LQr5QPyJEbmXA	087	xwdhHTtc-3w	1 vs 10 Hunters in GTA!
UCIPPMRA040LQr5QPyJEbmXA	088	OMAZB31W9nE	I Walked Across The Earth!
UCIPPMRA040LQr5QPyJEbmXA	089	SCrO3kS1upU	1000 Zombies vs Mutant Enderman!
UCIPPMRA040LQr5QPyJEbmXA	090	w6byBDiL5gQ	The Hardest Lava Escape!
UCIPPMRA040LQr5QPyJEbmXA	091	HrY_eDbF0XQ	I Hid $100,000 On The Dream SMP!
UCIPPMRA040LQr5QPyJEbmXA	092	xN8ENrfE-TY	If You Build a House, I'll Pay For It!
UCIPPMRA040LQr5QPyJEbmXA	093	c9C6t_nNouY	I Tried The First Ever Version Of Minecraft!
UCIPPMRA040LQr5QPyJEbmXA	094	hC3pyCvjy9E	Bedwars, But With 100 Players!
UCIPPMRA040LQr5QPyJEbmXA	095	jl7whFSiE0Q	Minecraft, But It's Only One Block!
UCIPPMRA040LQr5QPyJEbmXA	096	ZNVlIMHS1sk	Donating $50,000 To Streamers With 0 Viewers
UCIPPMRA040LQr5QPyJEbmXA	097	gUeY3Crwpwo	I Modded Among Us With 100 Zombies!
UCIPPMRA040LQr5QPyJEbmXA	098	YaIh2sg2W-c	Minecraft, But With Only 1 Heart!
UCIPPMRA040LQr5QPyJEbmXA	099	qTolSU-2aXk	I Made a $100,000 Among Us Tournament!
UCIPPMRA040LQr5QPyJEbmXA	100	vrUOPr9v8g4	I Made 100 Players Escape An Impossible Maze!
UCIPPMRA040LQr5QPyJEbmXA	101	UcCJcV7S97c	I Won The Hardest Round Ever in Among US!
UCIPPMRA040LQr5QPyJEbmXA	102	TU99gX7NGZ8	100 Players, But Lava Rises Every Minute!
UCIPPMRA040LQr5QPyJEbmXA	103	WbIACyJPaH8	The Biggest Outplay Ever in 3D Among Us!
UCIPPMRA040LQr5QPyJEbmXA	104	2F0gwsOzj40	Last To Leave Circle Wins $10,000!
UCIPPMRA040LQr5QPyJEbmXA	105	D1eZybtieJM	Minecraft, But Every Minute There's Random Chaos!
UCIPPMRA040LQr5QPyJEbmXA	106	j8Cli3mEpJY	I Made a $50,000 Player Building Competition!
UCIPPMRA040LQr5QPyJEbmXA	107	0yNMQzUZm8k	Among Us, But It's 3D!
UCIPPMRA040LQr5QPyJEbmXA	108	50BpCxexUa0	First To Defeat Hardest Boss Wins $10,000!
UCIPPMRA040LQr5QPyJEbmXA	109	wc7K1sakzMs	The Craziest 8,000 IQ Among Us Outplay Ever!
UCIPPMRA040LQr5QPyJEbmXA	110	0OFwRdDeX4Y	Whatever You Buy, I'll Pay For!
UCIPPMRA040LQr5QPyJEbmXA	111	FafXBaAEowM	Among Us But PewDiePie Goes 90,000 IQ!
UCIPPMRA040LQr5QPyJEbmXA	112	HJpIBjFkNL4	Breaking As Many Laws As Possible in 1 Hour!
UCIPPMRA040LQr5QPyJEbmXA	113	7HV3m0nK0MM	Among Us But Every Winner Gets $10,000!
UCIPPMRA040LQr5QPyJEbmXA	114	EpDW81KxMRY	I Made a $20,000 Among Us Challenge!
UCIPPMRA040LQr5QPyJEbmXA	115	oJenjx6oIeE	Win This Game & I'll Give You a Tesla!
UCIPPMRA040LQr5QPyJEbmXA	116	-C_hRVM0_po	Among Us With 100 Real Players!
UCIPPMRA040LQr5QPyJEbmXA	117	os8d6CqbiVs	I Visited All 7 Wonders of The World!
UCIPPMRA040LQr5QPyJEbmXA	118	p9a18OPYkG0	Among Us but LazarBeam Goes 4,000 IQ!
UCIPPMRA040LQr5QPyJEbmXA	119	olYOijqE2og	The Funniest Challenge in Watch Dogs: Legion!
UCIPPMRA040LQr5QPyJEbmXA	120	L2GQmOYFCy4	I Went on a 900 IQ Rampage in Among Us!
UCIPPMRA040LQr5QPyJEbmXA	121	EhHzJidkydo	The Best Rocket League Game Ever!
UCIPPMRA040LQr5QPyJEbmXA	122	gi-63nX4BoM	I Made Minecraft Only 1 Block Wide!
UCIPPMRA040LQr5QPyJEbmXA	123	bZ12FX-m60w	Among Us But Dream Goes 900 IQ!
UCIPPMRA040LQr5QPyJEbmXA	124	GiIVyQLCRKg	I Played GTA 5 With the Worst Graphics!
UCIPPMRA040LQr5QPyJEbmXA	125	FzM1cYbL0GU	The Most Insane 900 IQ Among Us Outplay!
UCIPPMRA040LQr5QPyJEbmXA	126	HTri8y9Ia5E	Can You Stop The Train in GTA 5?
UCIPPMRA040LQr5QPyJEbmXA	127	wMjO0o6iNpI	Make This Jump and I'll Give you $10,000!
UCIPPMRA040LQr5QPyJEbmXA	128	R3t78CfkIhc	I Made a 100 Player Skyblock Challenge!
UCIPPMRA040LQr5QPyJEbmXA	129	pMVahIsthtc	Minecraft, But Everything is 100x Faster!
UCIPPMRA040LQr5QPyJEbmXA	130	0U4K-r1JCwM	I Installed The GTA V Chaos Mod!
UCIPPMRA040LQr5QPyJEbmXA	131	QjSyAnjE6Yo	I Made My Own Country In Minecraft!
UCIPPMRA040LQr5QPyJEbmXA	132	flgwsL1wAcE	The World's Hardest Video Game!
UCIPPMRA040LQr5QPyJEbmXA	133	MDfWMJsK6qA	The Ultimate GTA V Stunt Race!
UCIPPMRA040LQr5QPyJEbmXA	134	4xCRT_jTJg0	I Made a 100 Island Building Competition!
UCIPPMRA040LQr5QPyJEbmXA	135	zVCs9Cug_qM	$100,000 Dream vs Technoblade Duel!
UCIPPMRA040LQr5QPyJEbmXA	136	S54Xb0OtArE	Can You Beat Fall Guys Without Jumping?!
UCIPPMRA040LQr5QPyJEbmXA	137	5hzU10CbWy8	Can You Survive The Massive Tsunami?
UCIPPMRA040LQr5QPyJEbmXA	138	56bUgtG8Gzg	Steal It & I'll Buy You a Real Diamond!
UCIPPMRA040LQr5QPyJEbmXA	139	y4SQtg0G-2Y	Extreme $20,000 Fall Guys Challenge!
UCIPPMRA040LQr5QPyJEbmXA	140	k179PYAUn8g	Minecraft, but Lava Rises Every Minute!
UCIPPMRA040LQr5QPyJEbmXA	141	VFNR-wFvOns	GTA V with Ultra Realistic Graphics Mod!
UCIPPMRA040LQr5QPyJEbmXA	142	ELS5RLbSukU	I Downloaded The World's Hardest Mod!
UCIPPMRA040LQr5QPyJEbmXA	143	DufkRlUzQD4	Raiding Servers With 10,000 People!
UCIPPMRA040LQr5QPyJEbmXA	144	QsUfsZzxi9c	Whatever You Build, I'll Pay For!
UCIPPMRA040LQr5QPyJEbmXA	145	lghlkDA1gVY	Minecraft, But Everything is Random!
UCIPPMRA040LQr5QPyJEbmXA	146	toQbSRrMX9o	Extreme 1:1 City Hide and Seek!
UCIPPMRA040LQr5QPyJEbmXA	147	xJsMA_ED2KM	4 Hackers Vs 100 Players!
UCIPPMRA040LQr5QPyJEbmXA	148	nZ1rTugGIkw	Playing GTA 5 Without Breaking Any Laws!
UCIPPMRA040LQr5QPyJEbmXA	149	gDMf5g8EU5g	I Got Hunted By 100 Players in Minecraft!
UCIPPMRA040LQr5QPyJEbmXA	150	Zi2j4tSZiWM	$10,000 World Height Jump Challenge!
UCIPPMRA040LQr5QPyJEbmXA	151	5zWeEJiZ45c	Playing Horrible Fortnite Clones!
UCIPPMRA040LQr5QPyJEbmXA	152	FzWZhgI600U	I Downloaded 1000+ Minecraft Mods!
UCIPPMRA040LQr5QPyJEbmXA	153	dw9DmYfACso	Climbing The World's Tallest Mountain!
UCIPPMRA040LQr5QPyJEbmXA	154	Db-rqtQw7Nw	Minecraft But It's Raining Arrows!
UCIPPMRA040LQr5QPyJEbmXA	155	cJp8thYqiOQ	First To Mine Netherite Wins $10,000!
UCIPPMRA040LQr5QPyJEbmXA	156	6gphsiQDjDY	Building My Entire City in 24 hours!
UCIPPMRA040LQr5QPyJEbmXA	157	Z9WUrOX9bKY	I Made a 100 Player Building Competition!
UCIPPMRA040LQr5QPyJEbmXA	158	Cy_qoSWt260	I Played Minecraft Mini Golf For $10,000!
UCIPPMRA040LQr5QPyJEbmXA	159	wtt-uPS_VhU	Playing The Worst Rated Video Game!
UCIPPMRA040LQr5QPyJEbmXA	160	26rllizCA1Q	I Opened A Free Store In Minecraft!
UCIPPMRA040LQr5QPyJEbmXA	161	TtfjkcuomT8	Best Minecraft Player vs 100 Players!
UCIPPMRA040LQr5QPyJEbmXA	162	c8kWStfQW6M	Last to Survive Raining TNT wins $10,000 - Challenge
UCIPPMRA040LQr5QPyJEbmXA	163	IYrCm21WLys	Epic $10,000 Prison Escape - Challenge
UCIPPMRA040LQr5QPyJEbmXA	164	lIl6FKF9gEY	Last to Survive Desert wins $10,000 - Challenge
UCIPPMRA040LQr5QPyJEbmXA	165	2hEpY3KvtCM	First to Raid Doomsday Bunker wins $10,000 - Challenge
UCIPPMRA040LQr5QPyJEbmXA	166	MObDhVh2VGo	Beating Minecraft But I Explode Every Minute - Part 2
UCIPPMRA040LQr5QPyJEbmXA	167	_oQ-S_rRAh0	Beating Minecraft But I Explode Every Minute
UCIPPMRA040LQr5QPyJEbmXA	168	UcpYgnV6D-4	Last to Survive Deserted Island Wins $10,000 - Challenge
UCIPPMRA040LQr5QPyJEbmXA	169	BKgISmtk5Wg	$10,000 Extreme Hide and Seek - Challenge
UCIPPMRA040LQr5QPyJEbmXA	170	pKTx3sLcHLk	First To Raid Area 51 Wins $10,000 - Challenge
UCIPPMRA040LQr5QPyJEbmXA	171	ZC5XjTEGytE	Last to Survive Abandoned City wins $10,000 - Challenge
UCIPPMRA040LQr5QPyJEbmXA	172	rzjP5-iNrq4	Last to Survive Extreme Roulette wins $10,000 - Challenge
UCIPPMRA040LQr5QPyJEbmXA	173	wnsis5vsNCU	Last to Survive Plane Crash wins $10,000 - Challenge
UCIPPMRA040LQr5QPyJEbmXA	174	NVLSgGqHz2o	Last to Survive Volcano wins $10,000 - Challenge
UCIPPMRA040LQr5QPyJEbmXA	175	0qrXwRoyfgc	$10,000 Obstacle Course - Challenge
UCIPPMRA040LQr5QPyJEbmXA	176	CSSsPVweLkc	Last to Survive Random Blocks wins $10,000 - Challenge
UCIPPMRA040LQr5QPyJEbmXA	177	AtZbo90EL_s	Last to Survive Arena wins $10,000 - Challenge
UCIPPMRA040LQr5QPyJEbmXA	178	pV15pLyGApQ	$10,000 Bank robbery - Challenge
UCIPPMRA040LQr5QPyJEbmXA	179	02vn11qIn_I	Last To Survive Wins $10,000 - Challenge
UCUaT_39o1x6qWjz7K2pWcgw	001	Ops-wTBCTwA	Most Expensive Fails!
UCUaT_39o1x6qWjz7K2pWcgw	002	C8HhPQ8qc1k	Fastest Onion Ever Eaten!
UCUaT_39o1x6qWjz7K2pWcgw	003	bReHusqxnvw	Impossible 0.0000001% Odds!
UCUaT_39o1x6qWjz7K2pWcgw	004	1atCTSRJHH0	Rarest Things On Earth!
UCUaT_39o1x6qWjz7K2pWcgw	005	IYjSmlWG-4A	Funniest Fails On The Internet!
UCUaT_39o1x6qWjz7K2pWcgw	006	F5wMOCZHcH4	1 Tank vs 10 Cars!
UCUaT_39o1x6qWjz7K2pWcgw	007	ZGNj5lOtNnI	Extremely Satisfying Workers!
UCUaT_39o1x6qWjz7K2pWcgw	008	NigrQ9UcJy4	I Strapped A GoPro To A Fish!
UCUaT_39o1x6qWjz7K2pWcgw	009	I4bxOuhl8TE	Impossible Moments Caught On Camera!
UCUaT_39o1x6qWjz7K2pWcgw	010	RcTLBsXvzQk	Most Dangerous Animals!
UCUaT_39o1x6qWjz7K2pWcgw	011	5gAAAOkqaxg	Insane Mountain Bike Downhill!
UCUaT_39o1x6qWjz7K2pWcgw	012	HR1ig6u9-6A	Extreme Try Not To Laugh Challenge!
UCUaT_39o1x6qWjz7K2pWcgw	013	AOkNx8KAtR4	Most Popular TikToks!
UCUaT_39o1x6qWjz7K2pWcgw	014	DvkTX-AquQo	Impossible 0.00001% Odds!
UCUaT_39o1x6qWjz7K2pWcgw	015	9ridm0GeHRg	Stupid Things Billionaires Paid For!
UCUaT_39o1x6qWjz7K2pWcgw	016	TbLm5CCAbIU	Most Skilled Workers In The World!
UCUaT_39o1x6qWjz7K2pWcgw	017	qFYcwbu-H-s	Unbelievable Places On Earth!
UCUaT_39o1x6qWjz7K2pWcgw	018	8kWrN2bgvSA	How Bubblegum Is Made!
UCUaT_39o1x6qWjz7K2pWcgw	019	fqq9TSkSe2U	100 Kids vs 1 Pro
UCUaT_39o1x6qWjz7K2pWcgw	020	Xzkzp2Y1t0o	$1 Burger vs $10,000 Burger!
UCUaT_39o1x6qWjz7K2pWcgw	021	pgvBPAsDf2A	Most Expensive Hotel Room!
UCUaT_39o1x6qWjz7K2pWcgw	022	_t9LL1VcG3Q	People With Amazing Talent!
UCUaT_39o1x6qWjz7K2pWcgw	023	T1QUEKLNPtA	Reacting To The World’s Most Satisfying Videos!
UCUaT_39o1x6qWjz7K2pWcgw	024	ZgxNvOhwNbU	Most Dangerous Stunts Ever!
UCUaT_39o1x6qWjz7K2pWcgw	025	5orcB4yyjoU	Extreme Moments Before Disaster!
UCUaT_39o1x6qWjz7K2pWcgw	026	5s6iBACk-E4	What Can You Cut With Paper?
UCUaT_39o1x6qWjz7K2pWcgw	027	jgyTwWtvMdE	Luckiest People Alive!
UCUaT_39o1x6qWjz7K2pWcgw	028	IWWv3dq4Gb4	Most Unusual Houses!
UCUaT_39o1x6qWjz7K2pWcgw	029	d2-BHPI8ggM	100,000 Magnetic Balls In Slow Motion!
UCUaT_39o1x6qWjz7K2pWcgw	030	GjMmsEwIcl0	World's Largest Oreo!
UCUaT_39o1x6qWjz7K2pWcgw	031	wUoxbm9MUc0	Weirdest Things On Amazon!
UCUaT_39o1x6qWjz7K2pWcgw	032	_iz5_DuY_II	Most Expensive Airplane Ticket!
UCUaT_39o1x6qWjz7K2pWcgw	033	B5WUhJUog_M	iPhone Vs 8000 Feet Drop!
UCUaT_39o1x6qWjz7K2pWcgw	034	esDlUtMQmeU	World's Cutest Animals!
UCUaT_39o1x6qWjz7K2pWcgw	035	L4KWhKY85cY	Extreme Try Not To Laugh Challenge!
UCUaT_39o1x6qWjz7K2pWcgw	036	6-aGt23ytyI	Arm Wrestling A Bear!
UCUaT_39o1x6qWjz7K2pWcgw	037	plTvQ1g59yM	Extremely Satisfying Workers!
UCUaT_39o1x6qWjz7K2pWcgw	038	GdL3bmxUNYs	World's Unluckiest People!
UCUaT_39o1x6qWjz7K2pWcgw	039	Dt-IFSvDJic	How Long Does A Pencil Last?
UCUaT_39o1x6qWjz7K2pWcgw	040	diwlAeVHNCI	Most Extreme Collections!
UCUaT_39o1x6qWjz7K2pWcgw	041	iCddOcxInWs	Insane Random Acts Of Kindness!
UCUaT_39o1x6qWjz7K2pWcgw	042	qK_qK_UKu-Q	Most Expensive iPhone!
UCUaT_39o1x6qWjz7K2pWcgw	043	zySUlGXbXvA	World's Luckiest People!
UCUaT_39o1x6qWjz7K2pWcgw	044	8uNEJBYGyFA	Steel Bar Vs Shredder!
UCUaT_39o1x6qWjz7K2pWcgw	045	T906mp5kYfM	Real Vs Fake Commercials!
UCUaT_39o1x6qWjz7K2pWcgw	046	mEKGarAbyxk	Most Expensive Fails!
UCUaT_39o1x6qWjz7K2pWcgw	047	Iu8ZmhRphSU	World's Fastest Workers!
UCUaT_39o1x6qWjz7K2pWcgw	048	pHz9tefho28	Insane Waterpark BMX!
UCUaT_39o1x6qWjz7K2pWcgw	049	7I0Qo9qlVlk	Impossible Magic Tricks!
UCUaT_39o1x6qWjz7K2pWcgw	050	O5xlSWOQsDA	Lamborghini Made From Cardboard!
UCUaT_39o1x6qWjz7K2pWcgw	051	Q-Kc5EfIRlk	Extreme Try Not To Laugh Challenge!
UCUaT_39o1x6qWjz7K2pWcgw	052	e-Og20cYMv0	Most Dangerous Place On Earth!
UCUaT_39o1x6qWjz7K2pWcgw	053	57tOReFC968	Rarest Pets Ever!
UCUaT_39o1x6qWjz7K2pWcgw	054	ySXPnjStay4	World’s Sharpest Knife!
UCUaT_39o1x6qWjz7K2pWcgw	055	v9WSjE3tIkg	World's Most Viewed TikToks!
UCUaT_39o1x6qWjz7K2pWcgw	056	GvXEe4ucuXI	Squid Game Without CGI!
UCUaT_39o1x6qWjz7K2pWcgw	057	8F1J51GSPYY	World's Deepest Pool!
UCUaT_39o1x6qWjz7K2pWcgw	058	_Nb_J9FMVJs	Real Life Super Humans!
UCUaT_39o1x6qWjz7K2pWcgw	059	KvIl8mjMTsE	Extreme Try Not To Laugh Challenge!
UCUaT_39o1x6qWjz7K2pWcgw	060	dfJaOg3jo1M	Insane Cake Cutting!
UCUaT_39o1x6qWjz7K2pWcgw	061	OSXbYwoCc5Y	World's Most Dangerous Jobs!
UCUaT_39o1x6qWjz7K2pWcgw	062	JBja-4mS_nM	Most Heavily Guarded Homes On Earth!
UCUaT_39o1x6qWjz7K2pWcgw	063	b9_cx_pTaK0	Impossible Try Not To Laugh Challenge!
UCUaT_39o1x6qWjz7K2pWcgw	064	nowJp4hsQ7k	Impossible 0.0000001% Odds!
UCUaT_39o1x6qWjz7K2pWcgw	065	eKEs1KjvBPM	Most Insane Water Parks!
UCUaT_39o1x6qWjz7K2pWcgw	066	PJC-oRDwwY8	Most Expensive Luxury Items!
UCUaT_39o1x6qWjz7K2pWcgw	067	FsnvgkZsCwY	Extreme Rooftop Parkour Escape!
UCUaT_39o1x6qWjz7K2pWcgw	068	vHfPJ1-ERIQ	100 Days Of Building!
UCUaT_39o1x6qWjz7K2pWcgw	069	9jzUrudNUWo	Extreme Try Not To Laugh Challenge!
UCUaT_39o1x6qWjz7K2pWcgw	070	HjhYo55QKfQ	Car Vs 1000 Nails!
UCUaT_39o1x6qWjz7K2pWcgw	071	qOSs7aMzrNM	Longest Car Jump!
UCUaT_39o1x6qWjz7K2pWcgw	072	hDYFFYUzxQQ	World’s Most Expensive Car!
UCUaT_39o1x6qWjz7K2pWcgw	073	vd57lL4a8Iw	World’s Fastest Big Mac Ever Eaten
UCUaT_39o1x6qWjz7K2pWcgw	074	0OnHP2tlTU0	Most Dangerous Tourist Destinations!
UCUaT_39o1x6qWjz7K2pWcgw	075	yzbeiFEUPNQ	Inside an Ice Cream Factory!
UCUaT_39o1x6qWjz7K2pWcgw	076	J8Oi3hMS5Zw	TikTok Try Not To Laugh Challenge!
UCUaT_39o1x6qWjz7K2pWcgw	077	L1ug9p8uECU	Insane BMX Downhill!
UCUaT_39o1x6qWjz7K2pWcgw	078	ooqdg9Wr-mo	World’s Most Expensive Food!
UCUaT_39o1x6qWjz7K2pWcgw	079	r0HOCD3ilpY	1000 Degree Ball vs Ice!
UCUaT_39o1x6qWjz7K2pWcgw	080	B40wUL-fN4M	Unbelievable Mountain Coaster!
UCUaT_39o1x6qWjz7K2pWcgw	081	W57EKdp3nf8	Most Expensive Houses!
UCUaT_39o1x6qWjz7K2pWcgw	082	T8J_liUBONQ	Real Flying Suit!
UCUaT_39o1x6qWjz7K2pWcgw	083	ycI3n8M19Jk	World’s Longest Skate Jump!
UCUaT_39o1x6qWjz7K2pWcgw	084	Rw7qsAoJs3g	World's Fastest Workers!
UCUaT_39o1x6qWjz7K2pWcgw	085	pnnbsciy1yI	World’s Most Insane Roller Coaster!
UCUaT_39o1x6qWjz7K2pWcgw	086	T_7X9Inu11I	Forging A Katana From Rusted Chain!
UCUaT_39o1x6qWjz7K2pWcgw	087	pmUgsc48WXA	World’s Largest Lighter!
UCUaT_39o1x6qWjz7K2pWcgw	088	ZRjgy6RAupY	Hydraulic Press vs 1000 Sheets Of Paper
UCUaT_39o1x6qWjz7K2pWcgw	089	srvctbwq_cw	World’s Largest Elephant Toothpaste!
UCUaT_39o1x6qWjz7K2pWcgw	090	d2k_vhqhe9g	Insane Parkour Escape!
UCUaT_39o1x6qWjz7K2pWcgw	091	YQB6-F2TnAc	Cycling On Ice!
UCUaT_39o1x6qWjz7K2pWcgw	092	m9soynkOA0A	Jumping from 128,000 Feet!
UCUaT_39o1x6qWjz7K2pWcgw	093	ykC7HZ1-FrQ	World's Tallest Tower!
UCUaT_39o1x6qWjz7K2pWcgw	094	0XeYtTS4zJ8	Insane Water Slides!
UCUaT_39o1x6qWjz7K2pWcgw	095	a9DXfJC41-Q	The Best 900 IQ Outplay Ever!
UCUaT_39o1x6qWjz7K2pWcgw	096	owP3zujYLWU	Bowling Ball vs 600 Feet Drop!
UCUaT_39o1x6qWjz7K2pWcgw	097	NhtPxMMOi4k	Water Balloons in Slow Motion!
UCUaT_39o1x6qWjz7K2pWcgw	098	c8OKK-UinZg	Hydro Dipping a PS4 Controller!
UCUaT_39o1x6qWjz7K2pWcgw	099	KfhSDcy-9RA	Lava vs Iphone XS!
UCUaT_39o1x6qWjz7K2pWcgw	100	usJb2-oAV1M	Hydraulic Press vs Bowling Ball!
UCUaT_39o1x6qWjz7K2pWcgw	101	ks8XDpvqfGM	1000 Degree Ball vs Toothpaste!
UCUaT_39o1x6qWjz7K2pWcgw	102	u3t0GahceIY	Liquid Nitrogen vs Samsung!
UCUaT_39o1x6qWjz7K2pWcgw	103	RxxU3fY8bl8	Hydraulic Press vs Steel Weight!
UCUaT_39o1x6qWjz7K2pWcgw	104	LcygznDEc0s	Thor’s Hammer vs Helmet!
UCUaT_39o1x6qWjz7K2pWcgw	105	NLhHpKv9z38	iPhone 11 Vs FIREWORKS!
UCUaT_39o1x6qWjz7K2pWcgw	106	4ljqaRtXeQM	Dry Ice Swimming Pool!
UCUaT_39o1x6qWjz7K2pWcgw	107	zAGnb5N0jBU	Magma Vs Liquid Nitrogen!
UCUaT_39o1x6qWjz7K2pWcgw	108	qjhK4o_-dFc	Sledge Hammer vs Shredder!
UCUaT_39o1x6qWjz7K2pWcgw	109	RDEeAor-N4o	1,000 Degree Ball VS Frozen Water
UCUaT_39o1x6qWjz7K2pWcgw	110	G-W9rSXdX1Y	Wolverine Claws vs Watermelon!
UCUaT_39o1x6qWjz7K2pWcgw	111	SMw8PK2Wn2I	Best of BeastHacks! - Matchstick Edition
UCUaT_39o1x6qWjz7K2pWcgw	112	VyZ6VPiKIWY	Best of BeastHacks! - iPhone Edition
UCUaT_39o1x6qWjz7K2pWcgw	113	DL45GyjCIfM	Ultimate Chainsaw vs Pepsi!
UCUaT_39o1x6qWjz7K2pWcgw	114	jE4b3gQwDR0	Watermelon Vs 1,000 Degree Hydraulic Press!
UCUaT_39o1x6qWjz7K2pWcgw	115	NS9coJnPsaA	1,000 Degree Knife vs Coca Cola
UCUaT_39o1x6qWjz7K2pWcgw	116	LLT2nC2lVfM	SAMSUNG GALAXY S10 vs INDUSTRIAL SHREDDER
UCUaT_39o1x6qWjz7K2pWcgw	117	XZkE5hdYZYA	Ultimate Coca Cola vs Mentos Experiment!
UCUaT_39o1x6qWjz7K2pWcgw	118	LyjItXepTvk	Industrial Shredder VS Watermelon!
UCUaT_39o1x6qWjz7K2pWcgw	119	Juiwz8LosT4	2,805 DEGREE LAVA VS Watermelon!
UCUaT_39o1x6qWjz7K2pWcgw	120	hI8Ep9Eze0I	1,000 Degree Ball VS iPhone 11
UCUaT_39o1x6qWjz7K2pWcgw	121	baEwkL2zqpI	Ultimate Hydraulic Squishy Ball
UCUaT_39o1x6qWjz7K2pWcgw	122	5uhgbFn75as	Incredible Fire Proof Lock!
UCUaT_39o1x6qWjz7K2pWcgw	123	uaHWNftRRCo	LAVA vs MACBOOK PRO!
UCUaT_39o1x6qWjz7K2pWcgw	124	qkDkc2VQKZY	Crazy Super Hero Matchstick Creations
UCUaT_39o1x6qWjz7K2pWcgw	125	ebTtEGY-Zq8	1000 Degree Cleaver vs BOOM POWDER!
UCUaT_39o1x6qWjz7K2pWcgw	126	P1JmVdqWh44	Incredible Watermelon Experiments
UCUaT_39o1x6qWjz7K2pWcgw	127	-aGyKfXFaSA	1,000 Degree Ball vs Sponge!
UCUaT_39o1x6qWjz7K2pWcgw	128	KfS8hfUAP8A	Dropping an iPhone 11 Pro Down a Hole
UCUaT_39o1x6qWjz7K2pWcgw	129	mHKMZFL5bH4	LIQUID NITROGEN VS LOCK!
UCUaT_39o1x6qWjz7K2pWcgw	130	-oS-zqDAJM4	Super Creative Matchstick Sculptures
UCUaT_39o1x6qWjz7K2pWcgw	131	b8HrNRYMZBI	INSANE IPHONE 11 PRO DROP TEST
UCUaT_39o1x6qWjz7K2pWcgw	132	Zfyk3rHRIwY	GIGANTIC DIY FIREWORK
UCUaT_39o1x6qWjz7K2pWcgw	133	QJUkwZiPWc4	GIANT MATCH ROCKET!
UCUaT_39o1x6qWjz7K2pWcgw	134	JMIsODTA720	WORLD'S LARGEST FIRECRACKER!
UCUaT_39o1x6qWjz7K2pWcgw	135	886f8AAm8A4	MENTOS VS COCA COLA UNDERWATER
UCUaT_39o1x6qWjz7K2pWcgw	136	YVNbgsnfTwM	BEST HOMEMADE  EXPERIMENTS
UCUaT_39o1x6qWjz7K2pWcgw	137	RlQnBSXel7g	INCREDIBLE MATCHSTICK CRAFTS
UCUaT_39o1x6qWjz7K2pWcgw	138	7RhrmeT2wE4	INSANELY SATISFYING JELLO PEPSI
UCUaT_39o1x6qWjz7K2pWcgw	139	9QCeyfUAOI4	ULTIMATE MATCHSTICK INVENTIONS
UCUaT_39o1x6qWjz7K2pWcgw	140	cDckEcFIfjE	INSANELY SATISFYING MAGNETIC LIQUID
UCUaT_39o1x6qWjz7K2pWcgw	141	aHIDAKF8_lE	DIY COLOR PENCIL SKATEBOARD
UCUaT_39o1x6qWjz7K2pWcgw	142	S-smZjhefcE	BEST HOMEMADE MATCHES CRAFTS
UCUaT_39o1x6qWjz7K2pWcgw	143	92Pv568h_i8	AMAZING WATERMELON EXPERIMENTS
UCUaT_39o1x6qWjz7K2pWcgw	144	BfS1smjkGvA	TESTING GIANT FIRECRACKERS!
UCUaT_39o1x6qWjz7K2pWcgw	145	mEXkhurB3PQ	AMAZING FIRE EXPERIMENTS
UCUaT_39o1x6qWjz7K2pWcgw	146	AVnKEeGA060	INSANE MATCHES ROCKET!
UCUaT_39o1x6qWjz7K2pWcgw	147	w7r-3obehrU	BEST SATISFYING SCIENCE EXPERIEMENTS
UCUaT_39o1x6qWjz7K2pWcgw	148	yzeM85G-0Fg	DIY MINI HELICOPTER!
UCUaT_39o1x6qWjz7K2pWcgw	149	VyKkWaDwWOY	DIY COCA COLA CRAFTS!
UCUaT_39o1x6qWjz7K2pWcgw	150	_U77KHFz9dw	How To See Magnetic Fields
UCUaT_39o1x6qWjz7K2pWcgw	151	MEnan5ZNOmk	INCREDIBLE LAVA EXPERIMENTS
UCUaT_39o1x6qWjz7K2pWcgw	152	syWfZDotPe0	INSANE MATCH STICK INVENTIONS
UCUaT_39o1x6qWjz7K2pWcgw	153	Sbq0jyWq_Kw	TESTING FIREWORKS UNDER ICE!
UCUaT_39o1x6qWjz7K2pWcgw	154	6NzQwvn6BM0	1000 DEGREE WEIGHT VS POOL
UCUaT_39o1x6qWjz7K2pWcgw	155	G54-7cJQ35M	STRETCH ARMSTRONG LAVA EXPERIMENTS
UCUaT_39o1x6qWjz7K2pWcgw	156	7mUW659Qr78	MAKING POPCORN WITH A MOTORCYCLE EXHAUST
UCUaT_39o1x6qWjz7K2pWcgw	157	8AmvHzUO1NE	THEY MADE A COCA COLA TIRE!
UCUaT_39o1x6qWjz7K2pWcgw	158	sJ40pJMfCrM	EPIC WATERMELON LIFE HACKS!
UCUaT_39o1x6qWjz7K2pWcgw	159	ub7Kig19Gxs	INSANE EGG EXPERIMENTS
UCUaT_39o1x6qWjz7K2pWcgw	160	FrHlCifAsC4	REAL LAVA vs WATERMELON - EXPERIMENT
UCUaT_39o1x6qWjz7K2pWcgw	161	1zn92UVxMwY	POURING COCA COLA IN A MOTORCYCLE EXHAUST
UCUaT_39o1x6qWjz7K2pWcgw	162	LXj4-QsoMr4	CRAZY Watermelon Coca Cola Tricks!
UCUaT_39o1x6qWjz7K2pWcgw	163	-e50GdGhaJY	SUPER RICH GUY SHREDDING MONEY
UCUaT_39o1x6qWjz7K2pWcgw	164	yeQxRn8jJnc	INSANE COCA COLA TRICK
UCUaT_39o1x6qWjz7K2pWcgw	165	KN4kEpL4Dz8	INSANE Stretch Armstrong Experiments!
UCUaT_39o1x6qWjz7K2pWcgw	166	qVL1F1eFhW0	LAVA vs Industrial Equipment
UCUaT_39o1x6qWjz7K2pWcgw	167	BG9Imv5LtPg	CRAZY Unexpected Nutella Life Hacks!
UCUaT_39o1x6qWjz7K2pWcgw	168	XgypGXAkDOk	INSANE 500,000 MATCHES CANNON!
UCUaT_39o1x6qWjz7K2pWcgw	169	Are4A7VaZ28	BOWLING BALL VS INDUSTRIAL SHREDDER
UCUaT_39o1x6qWjz7K2pWcgw	170	CNSVhfA9r60	INSANE DIY Coke Bottle Life Hacks
UCUaT_39o1x6qWjz7K2pWcgw	171	q0Lg9SCwmNU	They Made A PLASMA LAUNCHER!
UCUaT_39o1x6qWjz7K2pWcgw	172	RUuAeqS85E8	Amazing Simple Electric Train
UCUaT_39o1x6qWjz7K2pWcgw	173	UXXCLV5Bad8	How Gallium Transforms Aluminium
UCUaT_39o1x6qWjz7K2pWcgw	174	QZvfKIvYPCM	10 CRAZY DRILL LIFE HACKS
UCUaT_39o1x6qWjz7K2pWcgw	175	DASj398vGMM	WATERMELON VS 2,000 RUBBER BANDS
UCUaT_39o1x6qWjz7K2pWcgw	176	JYXLaKKir_4	Will 20,000 Gumballs flush?
UCUaT_39o1x6qWjz7K2pWcgw	177	5KjV2nii6Tc	I Put a Tooth In Coca Cola For 24 Hours
UCUaT_39o1x6qWjz7K2pWcgw	178	lTtWIRh2i7w	Amazing science experiments with magnets
UCUaT_39o1x6qWjz7K2pWcgw	179	ZKkIxZO23lk	LIQUID NITROGEN vs BATTERY SMASHED
UCUaT_39o1x6qWjz7K2pWcgw	180	s3OTJgDlJec	Will 20,000 GUMBALLS BLEND?
UCUaT_39o1x6qWjz7K2pWcgw	181	eWKSrbWo6uw	WORLD'S MOST SATISFYING KINETIC SAND!
UCUaT_39o1x6qWjz7K2pWcgw	182	SvkLcOjum7g	DIY Homemade Bottle Launcher
UCUaT_39o1x6qWjz7K2pWcgw	183	UdQ1zILODec	3 Amazing DIY Magic Illusions!
UCUaT_39o1x6qWjz7K2pWcgw	184	1X80GHDLL7w	Amazing Magnet Experiments
UCUaT_39o1x6qWjz7K2pWcgw	185	gxhH0n8vzeI	MICROWAVING ALUMINIUM FOIL
UCUaT_39o1x6qWjz7K2pWcgw	186	pCkJpxNv6l4	SUPER POWERFUL FIREWORK VS LOCK
UCUaT_39o1x6qWjz7K2pWcgw	187	ZBrxRN_7G0Q	COCA COLA VS DRILL POWERED CHAINSAW
UCUaT_39o1x6qWjz7K2pWcgw	188	Y1Ddfj3Gwmg	GAS TORCH vs GUMMY BEAR
UCUaT_39o1x6qWjz7K2pWcgw	189	jbuW-jBByoU	FIREWORK VS WATERMELON EXPERIMENT
UCUaT_39o1x6qWjz7K2pWcgw	190	5-iiNwtNt_Y	ICE VS 3,000 DEGREE GAS TORCH
UCUaT_39o1x6qWjz7K2pWcgw	191	Gpev9C7VPpw	100 GIANT MATCH BUNDLES VS FIRE
UCUaT_39o1x6qWjz7K2pWcgw	192	QmEzNqPWI64	AWESOME FIRE EXPERIMENTS
UCUaT_39o1x6qWjz7K2pWcgw	193	Z0IADN0jOw8	Will 40,000 M&Ms Flush?
UCUaT_39o1x6qWjz7K2pWcgw	194	OdXDoVWlDPw	5 CRAZY WAYS TO OPEN A LOCK
UCUaT_39o1x6qWjz7K2pWcgw	195	fO3MoyzdQKI	#1 Most Insane Magnet Life Hack Ever
UCUaT_39o1x6qWjz7K2pWcgw	196	iM6aQr_sJAg	MENTOS VS COCA COLA WATERMELON
UCUaT_39o1x6qWjz7K2pWcgw	197	nPJgBkWhZnM	AXE vs LITHIUM BATTERY
UCUaT_39o1x6qWjz7K2pWcgw	198	Luo8jR940lE	GAS TORCH VS PADLOCK
UCUaT_39o1x6qWjz7K2pWcgw	199	F6P2Lay4Zfs	Amazing science experiments
UCUaT_39o1x6qWjz7K2pWcgw	200	k3Vey3Ba4ww	1000 DEGREE METAL BALL VS MENTOS - EXPERIMENT
UCUaT_39o1x6qWjz7K2pWcgw	201	G4ZmDfLLzN4	WHAT CAN YOU CUT WITH PAPER?
UCUaT_39o1x6qWjz7K2pWcgw	202	fY123wWYbo0	COOL CUSTOM FIRE CROSSBOW EXPERIMENT
UCUaT_39o1x6qWjz7K2pWcgw	203	9KgAZsTU2U4	LIQUID NITROGREN vs PEPSI SMASHED
UCUaT_39o1x6qWjz7K2pWcgw	204	GlU1waMbF0Y	The Most Satisfying Glove Ever Made
UCUaT_39o1x6qWjz7K2pWcgw	205	us2fkdDTZss	Microwaving Things For 10 Hours Straight
UCUaT_39o1x6qWjz7K2pWcgw	206	7xrhfH-quzg	10 CRAZY LIFE HACK EXPERIMENTS
UCUaT_39o1x6qWjz7K2pWcgw	207	jgpbPhTNrF4	PEPSI VS 3,000 DEGREE GAS TORCH
UCUaT_39o1x6qWjz7K2pWcgw	208	8mAVK2yJkDU	AMAZING DIY DC MOTOR AIRPLANE!
UCUaT_39o1x6qWjz7K2pWcgw	209	NzqONki5ojA	GIANT BLENDER VS MENTOS! - EXPERIMENT
UCUaT_39o1x6qWjz7K2pWcgw	210	jpF4fGIt44g	INSANE GIANT MATCH BOTTLE FIRE!
UCUaT_39o1x6qWjz7K2pWcgw	211	z9ypw1gwJvA	How to Make a Match House and Burn It
UCUaT_39o1x6qWjz7K2pWcgw	212	bIHpdsAl_3E	15 AWESOME BALLOON TRICKS!
UCUaT_39o1x6qWjz7K2pWcgw	213	CBD_WDV1CXg	10K ORBEEZ BALLOON VOLCANO!
UCUaT_39o1x6qWjz7K2pWcgw	214	GrTH94UhOzA	THE BEST DIY BALLOON TRICKS!
UCUaT_39o1x6qWjz7K2pWcgw	215	RW5Jb46YUKQ	Crushing Super Satisfying Things By Car - DIY Crafts
UCUaT_39o1x6qWjz7K2pWcgw	216	UMivhfKRslQ	1000 DEGREE METAL BALL VS ICE - EXPERIMENT
UCUaT_39o1x6qWjz7K2pWcgw	217	Jobv3ts7UHU	SUPER CHARGED ROCKET HOT WHEELS!!
UCUaT_39o1x6qWjz7K2pWcgw	218	u8w-Ji9DJOA	Awesome Fire Slingshot Experiments and Crafts
UCUaT_39o1x6qWjz7K2pWcgw	219	OQBgnJA0Cc4	15 Amazing Crafts That You Must See
UCUaT_39o1x6qWjz7K2pWcgw	220	tdvchZwNNV0	Giant Mentos Crafts & Experiments
UCUaT_39o1x6qWjz7K2pWcgw	221	32uS545r2HM	Amazing Fire Crafts and Awesome Experiments
UCUaT_39o1x6qWjz7K2pWcgw	222	FhpBYpkJ4fw	The Best Everyday DIY Life Hacks
UCUaT_39o1x6qWjz7K2pWcgw	223	EqkdC9PsnUs	This Amazing Life Hack Will Change Your Life
UCUaT_39o1x6qWjz7K2pWcgw	224	e3swpJrY7a0	Awesome Free Energy DIY Life hacks
UCUaT_39o1x6qWjz7K2pWcgw	225	qFQjEZF8TiA	Super unexpected DIY life hacks
UCUaT_39o1x6qWjz7K2pWcgw	226	67MptG3oS-A	Super Satisfying Kinetic Sand DIY
UCUaT_39o1x6qWjz7K2pWcgw	227	uuRfBQf1Wv4	Amazing Match bottle DIY Experiments
UCUaT_39o1x6qWjz7K2pWcgw	228	URMz9f4P-4c	The Best Last Minute Halloween DIY Life Hacks
UCUaT_39o1x6qWjz7K2pWcgw	229	crp1p8G-Kos	The Best DIY Watermelon Life Hacks
UCAiLfjNXkNv24uhpzUgPa6A	01	4O8o_uOyeTc	We Built Lifesaving Clinics Around The World
UCAiLfjNXkNv24uhpzUgPa6A	02	wfHLbzPKPJc	1,000 People Get Life Changing Surgery
UCAiLfjNXkNv24uhpzUgPa6A	03	kwW3d1jgTlM	Beast Games: Charity Edition
UCAiLfjNXkNv24uhpzUgPa6A	04	O6wTcrhkw4o	Rescuing Child Slaves in Africa
UCAiLfjNXkNv24uhpzUgPa6A	05	wOGD9zfqEkk	Giving 10 Kids Supercars
UCAiLfjNXkNv24uhpzUgPa6A	06	CvPtDd3B3PE	We Saved 100 Children's Hearts in Africa
UCAiLfjNXkNv24uhpzUgPa6A	07	6DJBExeh94w	I Fought One of America’s Biggest Problems
UCAiLfjNXkNv24uhpzUgPa6A	08	2n5h3VFdxSE	Saving The World From Your Sofa
UCAiLfjNXkNv24uhpzUgPa6A	09	gvb5gI_IOpw	We Gave Away $1,000,000 Smiles
UCAiLfjNXkNv24uhpzUgPa6A	10	GiqdbZLq0oM	We Rescued Kids Living in a Garbage Dump
UCAiLfjNXkNv24uhpzUgPa6A	11	TsV0lCqB4zQ	We Gave Away $1 Million of Toys
UCAiLfjNXkNv24uhpzUgPa6A	12	HhBhWdoXSdg	Empowering Girls in India
UCAiLfjNXkNv24uhpzUgPa6A	13	EiUT2gfMPg4	We Funded a Gym for Adaptive Athletes
UCAiLfjNXkNv24uhpzUgPa6A	14	a6U6AobyWtw	Saving Endangered Animals From Extinction
UCAiLfjNXkNv24uhpzUgPa6A	15	ho6Z62S2q9A	We Rebuilt a Village
UCAiLfjNXkNv24uhpzUgPa6A	16	pZ-MpxDZr9I	We Gave Every Family in a Village a Full Year's Salary
UCAiLfjNXkNv24uhpzUgPa6A	17	XmtiNajqbnI	We Schooled Hundreds of Teachers
UCAiLfjNXkNv24uhpzUgPa6A	18	3cAfa7vtnHU	We Powered A Mountain
UCAiLfjNXkNv24uhpzUgPa6A	19	VGvj6bj4Sog	Changing the Lives of 600 Strangers
UCAiLfjNXkNv24uhpzUgPa6A	20	Q49kJeG6nr8	100 Kids Smile For The First Time
UCAiLfjNXkNv24uhpzUgPa6A	21	Y45DvFuO7e0	We Built A Town
UCAiLfjNXkNv24uhpzUgPa6A	22	PArKPiiYCqA	30 Lamborghinis vs 10,000 People
UCAiLfjNXkNv24uhpzUgPa6A	23	OCKQBMlXeGc	We Built A School
UCAiLfjNXkNv24uhpzUgPa6A	24	idtvY5lN314	We're Giving Away $30 Million in Free Food
UCAiLfjNXkNv24uhpzUgPa6A	25	1FQvRZg3bcg	We Powered a Village in Africa
UCAiLfjNXkNv24uhpzUgPa6A	26	tzZoph8R3PY	We Helped Paralyzed Dogs Run Again
UCAiLfjNXkNv24uhpzUgPa6A	27	6x_b11Kyrco	We Adopted an Orphanage
UCAiLfjNXkNv24uhpzUgPa6A	28	oMyCKvynGZ4	We Paid for a Free Children's Hospital
UCAiLfjNXkNv24uhpzUgPa6A	29	18xB7LFRv6E	We Brought Water To Kenya
UCAiLfjNXkNv24uhpzUgPa6A	30	xi8A6qQbZ18	We Powered a Remote Island
UCAiLfjNXkNv24uhpzUgPa6A	31	l5PvwYZQtT8	We Helped 2000 People Get New Legs
UCAiLfjNXkNv24uhpzUgPa6A	32	XrWhDx9Zblo	I Gave Away $2,700,000 of Free Clothes
UCAiLfjNXkNv24uhpzUgPa6A	33	3fKTFq-0_IY	Giving 20,000 Shoes To Kids In Africa
UCAiLfjNXkNv24uhpzUgPa6A	34	NHXFQSlXNa4	We Saved an Orphanage
UCAiLfjNXkNv24uhpzUgPa6A	35	BNO6DjteidM	Rebuilding Homes for Tornado Survivors
UCAiLfjNXkNv24uhpzUgPa6A	36	ko26piY7LTo	We Flew Street Kids to the Soccer World Championship
UCAiLfjNXkNv24uhpzUgPa6A	37	qDeeJukyuXY	We Did 10,000 Random Acts of Kindness
UCAiLfjNXkNv24uhpzUgPa6A	38	STiUV6XXG4E	Giving School Supplies To The Poorest Schools In America
UCAiLfjNXkNv24uhpzUgPa6A	39	08wlrlPjWeE	We Built Houses for Homeless Families
UCAiLfjNXkNv24uhpzUgPa6A	40	7gYpJotNUEs	We Gave $3,000,000 of Aid to Ukrainian Refugees!
UCAiLfjNXkNv24uhpzUgPa6A	41	aSQUg-h8G4s	We Built Wells in Africa!
UCAiLfjNXkNv24uhpzUgPa6A	42	KVKqOwN6uL0	Anything You Can Fit In The Circle I'll Donate To Charity
UCAiLfjNXkNv24uhpzUgPa6A	43	ASYnuZMXpxM	We Gave Away 1 Million Meals!
UCAiLfjNXkNv24uhpzUgPa6A	44	wJtTRfFSnbc	Giving Away $400,000 in Merch with Dream!
UCAiLfjNXkNv24uhpzUgPa6A	45	YnE8nAyu8HQ	You Changed This Family's Life!
UCAiLfjNXkNv24uhpzUgPa6A	46	W19fHXDaUw4	Cleaning the Ocean!
UCAiLfjNXkNv24uhpzUgPa6A	47	ZdU3rWin0EQ	I Fed 10,000 Families For Thanksgiving!
UCAiLfjNXkNv24uhpzUgPa6A	48	VcvQ02eRhM4	Helping Hurricane Survivors
UCAiLfjNXkNv24uhpzUgPa6A	49	yEBK_Ayeiyc	We Fed Five Cities in 30 Days!
UCAiLfjNXkNv24uhpzUgPa6A	50	nl79pan4h6U	Giving Away 50,000 Cookies!
UCAiLfjNXkNv24uhpzUgPa6A	51	HpVGe9EE9-0	Giving $300,000 to Students
UCAiLfjNXkNv24uhpzUgPa6A	52	5rkMxc7yGSk	Feeding a City in Need
UCAiLfjNXkNv24uhpzUgPa6A	53	f-empfLWbIk	I Opened My Own Charity!
UCZzvDDvaYti8Dd8bLEiSoyQ	01	i_tmjqbYCmk	MrBeast Lab: THE MOVIE | Animation Compilation (ALL EPISODES)
UCZzvDDvaYti8Dd8bLEiSoyQ	02	sac7dR7Tm-I	MrBeast Lab - Ep 10: Season 1 Finale
UCZzvDDvaYti8Dd8bLEiSoyQ	03	t8yYjReNRrk	MrBeast Lab - Ep 9: Evil Panthar!
UCZzvDDvaYti8Dd8bLEiSoyQ	04	vA6en6pzhwk	MrBeast Lab - Ep 8: Banana Blaster to the Rescue!
UCZzvDDvaYti8Dd8bLEiSoyQ	05	OtBxsx1XiwI	MrBeast Lab - Ep 7: The Floor is Lava!
UCZzvDDvaYti8Dd8bLEiSoyQ	06	p0sQ-s3O0RM	MrBeast Lab - Ep 6: Where Swarms Come From
UCZzvDDvaYti8Dd8bLEiSoyQ	07	gTt9itoqyz0	MrBeast Lab - Ep 5: Mini-Boss Battle!
UCZzvDDvaYti8Dd8bLEiSoyQ	08	PMdu7dbwKZk	MrBeast Lab - Ep 4: Ice Shroud!
UCZzvDDvaYti8Dd8bLEiSoyQ	09	sKqFzjkiwF8	MrBeast Lab - Ep 3: Swarmbies
UCZzvDDvaYti8Dd8bLEiSoyQ	10	et9xn3O6Yhk	MrBeast Lab - Ep 2: A Gorilla with Spider Legs
UCZzvDDvaYti8Dd8bLEiSoyQ	11	JAqVjiJjolQ	MrBeast Lab - Ep 1: HELP!
UCZzvDDvaYti8Dd8bLEiSoyQ	12	ES3x9FTiDN4	MrBeast Lab - Ep 0: Trailer
