UCX6OQ3DkcsbYNE6H8uQQuVA	001	5mU6SRS2Bxo	World’s Largest Tennis Match
UCX6OQ3DkcsbYNE6H8uQQuVA	002	LiH-P4rSkLI	Can You Pass This Classroom Quiz?
UCX6OQ3DkcsbYNE6H8uQQuVA	003	f7y2XikE7sY	Paying For Food With My Car
UCX6OQ3DkcsbYNE6H8uQQuVA	004	Df5Y-2ndQyU	Read My Book, You Could Win $1,000,000
UCX6OQ3DkcsbYNE6H8uQQuVA	005	egvLKQe6I4I	Don't Pop the Balloon
UCX6OQ3DkcsbYNE6H8uQQuVA	006	LgbyEFILLJI	$1 vs $10,000 Cake
UCX6OQ3DkcsbYNE6H8uQQuVA	007	YA_kX8hu1gg	This Plane Takes Off in 12 Seconds
UCX6OQ3DkcsbYNE6H8uQQuVA	008	XCGVurja73c	I Raced The Fastest Man On Earth
UCX6OQ3DkcsbYNE6H8uQQuVA	009	r9aWeGqp43s	We Made Make-A-Wish Kids’ Dreams Come True
UCX6OQ3DkcsbYNE6H8uQQuVA	010	xDuuM3ERr5Q	Guess The Youtuber = Win $1,000
UCX6OQ3DkcsbYNE6H8uQQuVA	011	xCl2gndzFqE	POV: You Time Traveled Back to 2016
UCX6OQ3DkcsbYNE6H8uQQuVA	012	y1UVAtHALaA	I Surprised a Random Subscriber With $10,000
UCX6OQ3DkcsbYNE6H8uQQuVA	013	hYahU_Cqwp8	YouTube CEO Has A Surprise For Me
UCX6OQ3DkcsbYNE6H8uQQuVA	014	SllXaJiQjBA	Every Youtube Play Button
UCX6OQ3DkcsbYNE6H8uQQuVA	015	dqpCvSU-ECE	Can He Make This Shot?
UCX6OQ3DkcsbYNE6H8uQQuVA	016	QAkEMtJpq3c	Hit The Button, Win $1,000
UCX6OQ3DkcsbYNE6H8uQQuVA	017	hCuqh2NU2Yg	World's Fastest Date
UCX6OQ3DkcsbYNE6H8uQQuVA	018	B9LizOAAoLg	I’m Granting Wishes For My Subscribers
UCX6OQ3DkcsbYNE6H8uQQuVA	019	rqsRdfdN4uI	Guess The Animal
UCX6OQ3DkcsbYNE6H8uQQuVA	020	feu5PQvoCiA	Asking My Fiancée on a Date
UCX6OQ3DkcsbYNE6H8uQQuVA	021	EdT5Z16Y5WE	Would Your Dog Pick $10,000 or Steak?
UCX6OQ3DkcsbYNE6H8uQQuVA	022	ScjQAcbA9e4	Important Announcement From The Grocery Store
UCX6OQ3DkcsbYNE6H8uQQuVA	023	hRBpDdWbUpI	Can My Fiancée Lift Me?
UCX6OQ3DkcsbYNE6H8uQQuVA	024	pzxtGL9kzPs	Try Not To Get Slimed
UCX6OQ3DkcsbYNE6H8uQQuVA	025	yy-Nt0dRhNI	Winner Picks Our Honeymoon
UCX6OQ3DkcsbYNE6H8uQQuVA	026	mFWpUx3FiyU	Guess The Animal
UCX6OQ3DkcsbYNE6H8uQQuVA	027	6W_841xoprg	Can a Window Stop a Wrecking Ball?
UCX6OQ3DkcsbYNE6H8uQQuVA	028	VIJLIo5yT1I	Don’t Eat The Spicy Yoshi Egg
UCX6OQ3DkcsbYNE6H8uQQuVA	029	uNu6XEPTy5g	$1 or Mystery Vial?
UCX6OQ3DkcsbYNE6H8uQQuVA	030	_JUlWtSCNbs	Who's The Strongest Streamer?
UCX6OQ3DkcsbYNE6H8uQQuVA	031	AKC50SZQFN8	Spreading Rumors About Streamers
UCX6OQ3DkcsbYNE6H8uQQuVA	032	897gvApD6V4	Will a Zebra Subscribe to me?
UCX6OQ3DkcsbYNE6H8uQQuVA	033	Z9NxQdQ8Rpg	Bring Me A Glass Of Water = Win $10,000
UCX6OQ3DkcsbYNE6H8uQQuVA	034	jCE1Ol3PYDs	I Hid $1,000,000 In This Vault
UCX6OQ3DkcsbYNE6H8uQQuVA	035	IqL-ZunFfpk	Pop The Balloons, Win $10,000
UCX6OQ3DkcsbYNE6H8uQQuVA	036	purAsH7pXTQ	5 Strangers Split $100,000
UCX6OQ3DkcsbYNE6H8uQQuVA	037	IEuDUhGIJ5c	My Chocolate Factory Blew Up
UCX6OQ3DkcsbYNE6H8uQQuVA	038	IcuJ3vO_t3k	Would You Steal Money From A Stranger?
UCX6OQ3DkcsbYNE6H8uQQuVA	039	c9VS_cgInT4	Subscribe, I’ll Double Your Bank Account
UCX6OQ3DkcsbYNE6H8uQQuVA	040	KaUuPNYHFNg	I Built a School in Mexico
UCX6OQ3DkcsbYNE6H8uQQuVA	041	hjkbqeWQAM8	Every Step You Take, Win $1,000
UCX6OQ3DkcsbYNE6H8uQQuVA	042	XbaZ45LVzzM	Surprising My Fiancée With A Chocolate Heart
UCX6OQ3DkcsbYNE6H8uQQuVA	043	gar4U3n-ILY	Guess What Age Punched You
UCX6OQ3DkcsbYNE6H8uQQuVA	044	toIeUtplfWQ	Is Being Smart or Strong Better?
UCX6OQ3DkcsbYNE6H8uQQuVA	045	_sBRk9ADpK8	Flip a Coin, Win $30,000
UCX6OQ3DkcsbYNE6H8uQQuVA	046	kNLr-cduzuo	Wait... Was He Famous?
UCX6OQ3DkcsbYNE6H8uQQuVA	047	wSh8fAFWEWs	Survivor vs Beast Games
UCX6OQ3DkcsbYNE6H8uQQuVA	048	3GNyw4uaAqU	Subscribe for an iPhone
UCX6OQ3DkcsbYNE6H8uQQuVA	049	ywIcdSNJolo	Pass the Phone
UCX6OQ3DkcsbYNE6H8uQQuVA	050	mktYW177p6U	Guess the Animal
UCX6OQ3DkcsbYNE6H8uQQuVA	051	7aE4EhHXzlA	I Paid Everyone Stuck in Traffic
UCX6OQ3DkcsbYNE6H8uQQuVA	052	IJkB-oapuks	Giving Away $1,000,000 in Gifts To My Subscribers
UCX6OQ3DkcsbYNE6H8uQQuVA	053	RB71Z-vVvCc	Find The Real Celebrity, Win $10,000
UCX6OQ3DkcsbYNE6H8uQQuVA	054	fO5FwBcCJBY	Would You Date Him for $10,000?
UCX6OQ3DkcsbYNE6H8uQQuVA	055	U-x6KxH1kB4	How Many People to Pull a Plane?
UCX6OQ3DkcsbYNE6H8uQQuVA	056	SE9xF1l3ZwE	Hit The Target, Keep The Prize
UCX6OQ3DkcsbYNE6H8uQQuVA	057	rF00lQ_upzg	Whatever You Hold Onto, You Keep
UCX6OQ3DkcsbYNE6H8uQQuVA	058	uZY9xr-QAk0	Flip a Coin, I’ll Pay For Your College
UCX6OQ3DkcsbYNE6H8uQQuVA	059	AWBsoArakNY	Who Has The Fastest Reaction Time?
UCX6OQ3DkcsbYNE6H8uQQuVA	060	HISfrcjiNPM	I Surprised 50 Make-A-Wish Kids With Disneyland
UCX6OQ3DkcsbYNE6H8uQQuVA	061	WROMyJAJmp4	Can I Beat An F1 Driver?
UCX6OQ3DkcsbYNE6H8uQQuVA	062	tAwzBYE18Us	How I Became MrBeef
UCX6OQ3DkcsbYNE6H8uQQuVA	063	LyFMbY-c_Lc	I Raced Noah Lyles
UCX6OQ3DkcsbYNE6H8uQQuVA	064	R7MkZL5i3FQ	Giving Trick-or-Treaters Weirder and Weirder Gifts
UCX6OQ3DkcsbYNE6H8uQQuVA	065	26QQE7EsnLA	MrBeast Lab Disaster!
UCX6OQ3DkcsbYNE6H8uQQuVA	066	PryTbmudhS8	Can We Stop World's Best Tennis Player
UCX6OQ3DkcsbYNE6H8uQQuVA	067	yWEUL3crU_E	I Baked a Cake In a Race Car
UCX6OQ3DkcsbYNE6H8uQQuVA	068	JgJrQnDIRgg	First to Answer the Phone, Wins $10,000
UCX6OQ3DkcsbYNE6H8uQQuVA	069	gtkqnhN0VkU	Answer The Door, Win $10,000
UCX6OQ3DkcsbYNE6H8uQQuVA	070	UTdcX1e0cMA	Jump Over The Lava, Win!
UCX6OQ3DkcsbYNE6H8uQQuVA	071	oiZvK6MY7tI	Call Your Ex, Win $10,000
UCX6OQ3DkcsbYNE6H8uQQuVA	072	686PL7rt654	World’s Fastest Dinner Date
UCX6OQ3DkcsbYNE6H8uQQuVA	073	NfhuGUyWYfQ	Would Your Grandma Go Skydiving?
UCX6OQ3DkcsbYNE6H8uQQuVA	074	wIpWCJKfRXs	I Cooked A Pizza With Power Tools
UCX6OQ3DkcsbYNE6H8uQQuVA	075	9Xeepzg1B8I	Which Celebrity Punches The Hardest?
UCX6OQ3DkcsbYNE6H8uQQuVA	076	50G0kIty7Cg	Answer The Call, Win $10,000
UCX6OQ3DkcsbYNE6H8uQQuVA	077	3ih2bPKSWsQ	I Arrested IShowSpeed
UCX6OQ3DkcsbYNE6H8uQQuVA	078	uA9Zcg3vHvo	I Raced IShowSpeed
UCX6OQ3DkcsbYNE6H8uQQuVA	079	MOGW3v3pJ5Y	1 Subscriber = 1 Penny Donated
UCX6OQ3DkcsbYNE6H8uQQuVA	080	XNtTO_339kU	Pick The Wrong Tube, Get Slimed
UCX6OQ3DkcsbYNE6H8uQQuVA	081	rB9NynBZ4go	Reaction Time Challenge
UCX6OQ3DkcsbYNE6H8uQQuVA	082	R_BmT1OJw98	Every YouTube Play Button I Have
UCX6OQ3DkcsbYNE6H8uQQuVA	083	vpRW4JhzfSE	1 Subscriber = 1 Second In The Arctic
UCX6OQ3DkcsbYNE6H8uQQuVA	084	qXW93Cois2s	Guess What Hit You
UCX6OQ3DkcsbYNE6H8uQQuVA	085	r7f0L48dHpc	$1  = One Year of Clean Water
UCX6OQ3DkcsbYNE6H8uQQuVA	086	zxuICI0kL3s	Don’t Turn Around, Win $10k
UCX6OQ3DkcsbYNE6H8uQQuVA	087	R1SFXJo-FlE	Subscribe To Explode The TNT
UCX6OQ3DkcsbYNE6H8uQQuVA	088	lQz5aqjZ3lQ	Find This Briefcase, Win $10,000
UCX6OQ3DkcsbYNE6H8uQQuVA	089	EiFcNbXBqeo	Jet Engine vs Human for $10k
UCX6OQ3DkcsbYNE6H8uQQuVA	090	R7oW0LwS_e4	I Met Neymar
UCX6OQ3DkcsbYNE6H8uQQuVA	091	BfKI_TQnQvo	I Raced A Cheetah
UCX6OQ3DkcsbYNE6H8uQQuVA	092	NjlP2_l1Wr0	You Lose, You Get Shot
UCX6OQ3DkcsbYNE6H8uQQuVA	093	gGcaGdHlt60	If You Spill, You Lose!
UCX6OQ3DkcsbYNE6H8uQQuVA	094	V6In4tmd-w8	$1 vs $25,000 VFX
UCX6OQ3DkcsbYNE6H8uQQuVA	095	ZGvn9ywXjpY	Feastables vs Reese’s Taste Test with @Gordon Ramsay
UCX6OQ3DkcsbYNE6H8uQQuVA	096	KCRLP-zBacU	Can I Teach a Penguin To Subscribe?
UCX6OQ3DkcsbYNE6H8uQQuVA	097	c2ukL_zjFCk	Extreme Helmet Game
UCX6OQ3DkcsbYNE6H8uQQuVA	098	7qY-qalCI2Y	Grab The Rolex, Keep It!
UCX6OQ3DkcsbYNE6H8uQQuVA	099	N0pwLtonPdg	Slippery vs Sticky Stairs
UCX6OQ3DkcsbYNE6H8uQQuVA	100	0yPgljFcTR4	Subscribe to Win $50,000
UCX6OQ3DkcsbYNE6H8uQQuVA	101	TN1wErFGTzM	Find This Key, Win $10,000
UCX6OQ3DkcsbYNE6H8uQQuVA	102	3dxksf0CzS8	World’s Fastest Robbers
UCX6OQ3DkcsbYNE6H8uQQuVA	103	x7yv72s8h0o	Would You Go On Vacation With A Stranger?
UCX6OQ3DkcsbYNE6H8uQQuVA	104	M1STzb7k9L8	Extreme Helmet Game
UCX6OQ3DkcsbYNE6H8uQQuVA	105	7K-yxGWYsnk	$10,000 Human Shuffleboard
UCX6OQ3DkcsbYNE6H8uQQuVA	106	Tbn4cYCaZCk	Drift This Car, Win $10,000
UCX6OQ3DkcsbYNE6H8uQQuVA	107	Uxc84UUrVHk	You Can Stop Child Labor
UCX6OQ3DkcsbYNE6H8uQQuVA	108	BzKaMelDzqo	How Fast Can I Go?
UCX6OQ3DkcsbYNE6H8uQQuVA	109	4yx9ZJDfyKk	Baseball Tic Tac Toe vs MLB Pro
UCX6OQ3DkcsbYNE6H8uQQuVA	110	kPa_S6jN9ls	Could You Win This Obstacle Course?
UCX6OQ3DkcsbYNE6H8uQQuVA	111	69g-YcbmgQA	Find Your Dog, Win $10,000
UCX6OQ3DkcsbYNE6H8uQQuVA	112	TNtpUQbW4mg	This Is How The Pyramids Were Built
UCX6OQ3DkcsbYNE6H8uQQuVA	113	TgCm8oDmxOk	I Crashed One Of The Most Expensive Cars In The World
UCX6OQ3DkcsbYNE6H8uQQuVA	114	954wJ3uHVAk	Last One To Fall Wins
UCX6OQ3DkcsbYNE6H8uQQuVA	115	PXevNM0awlI	Highest Away From Me Wins $10,000
UCX6OQ3DkcsbYNE6H8uQQuVA	116	PuQ5UxKUY48	Find The Human, Win $10,000
UCX6OQ3DkcsbYNE6H8uQQuVA	117	L5ihmu87xTE	Find This Stranger, Win $10,000
UCX6OQ3DkcsbYNE6H8uQQuVA	118	nAiKLoCP-kU	Reach the Money, Win $10,000
UCX6OQ3DkcsbYNE6H8uQQuVA	119	MFpWEKN9c6Y	Last Person Hanging Wins $10,000
UCX6OQ3DkcsbYNE6H8uQQuVA	120	TRxMLLuWIhw	Subscribe For An iPhone
UCX6OQ3DkcsbYNE6H8uQQuVA	121	EvqtfK_RaRg	This obstacle course is WILD
UCX6OQ3DkcsbYNE6H8uQQuVA	122	3cWm9B_0_kI	How Many People To Stop Ronaldo?
UCX6OQ3DkcsbYNE6H8uQQuVA	123	qtWqHIx8Z-o	Last Person Standing Wins $10,000
UCX6OQ3DkcsbYNE6H8uQQuVA	124	DBPYB8WkkDc	Bring Me Back Snow From The North Pole
UCX6OQ3DkcsbYNE6H8uQQuVA	125	zvBXpoBegwE	I Got T-Series To Subscribe To Me
UCX6OQ3DkcsbYNE6H8uQQuVA	126	SWc8fI_9iqA	Ronaldo Teaches Me How To SIUU
UCX6OQ3DkcsbYNE6H8uQQuVA	127	HcL1EQ5qD_g	Confronting Ronaldo
UCX6OQ3DkcsbYNE6H8uQQuVA	128	dc089EZRGcg	How Many Balloons To Make A Store Fly?
UCX6OQ3DkcsbYNE6H8uQQuVA	129	vXNtju4VFm4	Restocking MrBeast Labs at Walmart
UCX6OQ3DkcsbYNE6H8uQQuVA	130	I9mw5UlDyPI	This Game Is Wild...
UCX6OQ3DkcsbYNE6H8uQQuVA	131	pS-fFdvyHLE	How Much Tape To Stop A Lamborghini?
UCX6OQ3DkcsbYNE6H8uQQuVA	132	9UtcHPCEBgg	1 Subscriber = 1 Penny
UCX6OQ3DkcsbYNE6H8uQQuVA	133	ZNt_GoOBHq8	Human vs Jet Engine
UCX6OQ3DkcsbYNE6H8uQQuVA	134	dDVFnfCwjHA	Will A Basketball Boat Hold My Weight?
UCX6OQ3DkcsbYNE6H8uQQuVA	135	Kt2HvqRruHQ	Find The Real MrBeast, Win $10,000
UCX6OQ3DkcsbYNE6H8uQQuVA	136	vDrSCXFMAKk	Spot The Difference, Win $10,000
UCX6OQ3DkcsbYNE6H8uQQuVA	137	nbzQdlWrcnk	Running With Bigger And Bigger Lunchlys
UCX6OQ3DkcsbYNE6H8uQQuVA	138	8krJy31Diow	Holding Bigger And Bigger Dogs
UCX6OQ3DkcsbYNE6H8uQQuVA	139	Jo7sfpeWqwE	Will A Guitar Boat Hold My Weight?
UCX6OQ3DkcsbYNE6H8uQQuVA	140	QtD-CeUdRUQ	Real Or Cake For $10,000
UCX6OQ3DkcsbYNE6H8uQQuVA	141	AydS-vA3qa4	Running With Bigger And Bigger Feastables
UCX6OQ3DkcsbYNE6H8uQQuVA	142	8bTQMDM4qvY	Spot The Fake Animal For $10,000
UCX6OQ3DkcsbYNE6H8uQQuVA	143	DBw0oD38z0Q	This Game Is Wild
UCX6OQ3DkcsbYNE6H8uQQuVA	144	XhuisK0bTSA	Pass The Phone To…
UCX6OQ3DkcsbYNE6H8uQQuVA	145	lkCRPp7cnP8	How Many Balloons Does It Take To Fly?
UCX6OQ3DkcsbYNE6H8uQQuVA	146	T8I165Qxeo8	Sprinting with More and More Money
UCX6OQ3DkcsbYNE6H8uQQuVA	147	i-9V21MqlhY	Giving 1000 Phones Away
UCX6OQ3DkcsbYNE6H8uQQuVA	148	YyNz4--6fro	World’s Smartest Dog
UCX6OQ3DkcsbYNE6H8uQQuVA	149	f0cXJ6mJxGc	Bottle Head Smashing World Record Attempt!
UCX6OQ3DkcsbYNE6H8uQQuVA	150	oA4LSZvX4iE	Ages 1-100 Try My Chocolate
UCX6OQ3DkcsbYNE6H8uQQuVA	151	ZKxnjszkZto	Spot The Hidden People For $10,000
UCX6OQ3DkcsbYNE6H8uQQuVA	152	8_gdcaX9Xqk	Would You Split Or Steal $250,000?
UCX6OQ3DkcsbYNE6H8uQQuVA	153	snUyLbGx6U4	Buy Feastables, Win Unlimited Money
UCX6OQ3DkcsbYNE6H8uQQuVA	154	CWbV3NItSdY	The World's Fastest Cleaners
UCX6OQ3DkcsbYNE6H8uQQuVA	155	XE1Qyss8GIY	Guess The Gift, Keep It
UCX6OQ3DkcsbYNE6H8uQQuVA	156	6GzHPS0rEgc	I’m Giving My 250M Subscriber $25,000
UCX6OQ3DkcsbYNE6H8uQQuVA	157	imhY0pe-Sd8	Anything You Touch, You Keep!
UCX6OQ3DkcsbYNE6H8uQQuVA	158	OnTTThIzuNU	Keep Track Of Car, Win $10,000
UCX6OQ3DkcsbYNE6H8uQQuVA	159	sH48lKbayNU	Unboxing My 200M Subscriber Play Button
UCX6OQ3DkcsbYNE6H8uQQuVA	160	AFXoSFNMwIA	I Filled Chandler’s Car With Feastables
UCX6OQ3DkcsbYNE6H8uQQuVA	161	k194wHZHjB0	Most Expensive Hand Model Holds Feastables
UCX6OQ3DkcsbYNE6H8uQQuVA	162	AjwAdtlRKf8	Buy Feastables, Win $10,000
UCX6OQ3DkcsbYNE6H8uQQuVA	163	ZVt9ZJfWV1c	Feeding A Dog $1 vs $10,000 Steak
UCX6OQ3DkcsbYNE6H8uQQuVA	164	rWBOITBjitE	Could You Walk Up A Skyscraper?
UCX6OQ3DkcsbYNE6H8uQQuVA	165	AjZDwxt7S8w	I Gave Away A House On Halloween
UCX6OQ3DkcsbYNE6H8uQQuVA	166	aZnqqXaT02g	Giving Car Keys Instead Of Candy On Halloween
UCX6OQ3DkcsbYNE6H8uQQuVA	167	l9_8_pDTmis	Furthest Away From Me Wins $10,000
UCX6OQ3DkcsbYNE6H8uQQuVA	168	n7x4Jj9pdH8	World’s Most Expensive Bed
UCX6OQ3DkcsbYNE6H8uQQuVA	169	jGAJCAuV3pQ	World’s Most Expensive Coffee
UCX6OQ3DkcsbYNE6H8uQQuVA	170	c0v8OPItCOg	$100,000,000 Bathroom
UCX6OQ3DkcsbYNE6H8uQQuVA	171	IemzxkkzI5s	I Tipped A Pizza Delivery Driver A Car
UCX6OQ3DkcsbYNE6H8uQQuVA	172	bvlFjrcpD6s	I NEED 1 MORE 𝗦𝗨𝗕𝗦𝗖𝗥𝗜𝗕𝗘𝗥
UCX6OQ3DkcsbYNE6H8uQQuVA	173	AZlBZuS4hr0	Guess The Gift, Keep It
UCX6OQ3DkcsbYNE6H8uQQuVA	174	Gx6VeIIbWwM	Spot The Hidden People For $10,000
UCX6OQ3DkcsbYNE6H8uQQuVA	175	CAOY8EKH1qU	I Paid A Random Student’s College Tuition
UCX6OQ3DkcsbYNE6H8uQQuVA	176	IQxea9UB1nQ	$100,000,000 Car Doors
UCX6OQ3DkcsbYNE6H8uQQuVA	177	zgLhCT7aFCA	Extreme Home Makeover!
UCX6OQ3DkcsbYNE6H8uQQuVA	178	L5kIXRdwGAI	Katana Vs Bullet
UCX6OQ3DkcsbYNE6H8uQQuVA	179	19NmWqv4Alk	How Many School Buses Can We Stack?
UCX6OQ3DkcsbYNE6H8uQQuVA	180	SGzWIoLAzmY	Feeding A Cat $10 Vs $10,000 Sushi
UCX6OQ3DkcsbYNE6H8uQQuVA	181	NnNZLCl78Ao	Make This Kick, Win Super Bowl Tickets
UCX6OQ3DkcsbYNE6H8uQQuVA	182	NTZhwAldqwg	Metal Pipe Vs School Bus
UCX6OQ3DkcsbYNE6H8uQQuVA	183	mKIhHNznt4s	Can You Beat A Girl In Arm Wrestling?
UCX6OQ3DkcsbYNE6H8uQQuVA	184	O3YVBJ2n5xg	I Ate The World’s Most Poisonous Fish
UCX6OQ3DkcsbYNE6H8uQQuVA	185	CP82DAKzL1U	I Traded My Car At a Red Light
UCX6OQ3DkcsbYNE6H8uQQuVA	186	stUofW3whpE	I Buried Treasure in the Bermuda Triangle
UCX6OQ3DkcsbYNE6H8uQQuVA	187	ooAwCOP67GQ	Do Pawnshops Scam You?
UCX6OQ3DkcsbYNE6H8uQQuVA	188	ykRq_rp7NhM	I Got Naruto to Subscribe to Me
UCX6OQ3DkcsbYNE6H8uQQuVA	189	8kggT2ej-lo	Would You Pet a Cheetah in Africa?
UCX6OQ3DkcsbYNE6H8uQQuVA	190	GGBy50KtvRk	Tipping A Waitress A Car
UCX6OQ3DkcsbYNE6H8uQQuVA	191	Y4-gFIfGXiQ	Would you go on a Blind Date in Italy?
UCX6OQ3DkcsbYNE6H8uQQuVA	192	Y0cBiGUuB1Y	I Sent a Subscriber to Disneyland
UCX6OQ3DkcsbYNE6H8uQQuVA	193	NPYPXWJBTWM	$10,000 Girl Scout Cookies
UCX6OQ3DkcsbYNE6H8uQQuVA	194	lglIQkCHO0g	Do Men Lie About Their Height?
UCX6OQ3DkcsbYNE6H8uQQuVA	195	se50viFJ0AQ	Would You Fly To Paris For A Baguette?
UCX6OQ3DkcsbYNE6H8uQQuVA	196	FD-0KG-h2-c	Gordon Ramsay Tries Most Expensive Chocolate Bar!
UCX6OQ3DkcsbYNE6H8uQQuVA	197	YlvcFJOE-OE	Giving iPhones Instead Of Candy on Halloween
UCX6OQ3DkcsbYNE6H8uQQuVA	198	S_CUEOBZ0P4	The Rock Vs MrBeast For $100,000
UC4-79UOlP48-QNGgCko5p2g	001	-Lku8a_BDtU	We Surprised An Entire School
UC4-79UOlP48-QNGgCko5p2g	002	oR43lrcv2ik	Spicy Chocolate Roulette
UC4-79UOlP48-QNGgCko5p2g	003	jK0O1spkSZo	How Many States Can You Visit in 24 Hours?
UC4-79UOlP48-QNGgCko5p2g	004	KDAlh2S4SfM	Can You Spot the Chocolate Object?
UC4-79UOlP48-QNGgCko5p2g	005	vIsmb8pBtbs	First to Buy Lunchly Wins a Surprise
UC4-79UOlP48-QNGgCko5p2g	006	BIwIqst2HI4	I Turned Chocolate Into Water
UC4-79UOlP48-QNGgCko5p2g	007	NMR32p4kwAQ	Mr Rizz IRL
UC4-79UOlP48-QNGgCko5p2g	008	RIY6DHzQG2I	I Made S'mores Cookies
UC4-79UOlP48-QNGgCko5p2g	009	-xu9kPw0NEc	Parents React to Peanut Butter Cup Ingredients
UC4-79UOlP48-QNGgCko5p2g	010	fq-s8WPK2nk	World’s Largest Feastables S’more
UC4-79UOlP48-QNGgCko5p2g	011	YCdBgQUxMQA	Would A Baby Choose $10,000 or Feastables?
UC4-79UOlP48-QNGgCko5p2g	012	dgbWWy5k3Cc	YouTube Legends Try Feastables
UC4-79UOlP48-QNGgCko5p2g	013	E1NthB5wQ1w	Don't Eat The Spicy Chocolate
UC4-79UOlP48-QNGgCko5p2g	014	8JFkxyOO52M	Grocery Store Taste Test
UC4-79UOlP48-QNGgCko5p2g	015	2J0YeNHbmrk	Eating the Weirdest Chocolates on Earth
UC4-79UOlP48-QNGgCko5p2g	016	-4OTTky61Z8	Bring Me Feastables, Win $10,000
UC4-79UOlP48-QNGgCko5p2g	017	KUUdLi5g8Nw	I Went Undercover as a Cashier
UC4-79UOlP48-QNGgCko5p2g	018	rDCDJhLAcZw	Free the Gummies or Get Soaked
UC4-79UOlP48-QNGgCko5p2g	019	QTo2bFBITyQ	I Made A Chocolate Log
UC4-79UOlP48-QNGgCko5p2g	020	e8yJo0KbGBQ	Can A Hawk Deliver Chocolate?
UC4-79UOlP48-QNGgCko5p2g	021	UFVnITc2ypk	I Sent Feastables to Space
UC4-79UOlP48-QNGgCko5p2g	022	HDZTuPwXfJY	Don't Spill The Chocolate Milk
UC4-79UOlP48-QNGgCko5p2g	023	azVIkgMI1iE	I Surprised Random Shoppers
UC4-79UOlP48-QNGgCko5p2g	024	r0zLl7KIPKo	World’s Biggest Streamers Try Feastables
UC4-79UOlP48-QNGgCko5p2g	025	ics69ZqH3jI	Find the Correct Pattern, Win
UC4-79UOlP48-QNGgCko5p2g	026	E_CBwREwYCc	Reese's Grandson Judges Feastables vs Reese’s
UC4-79UOlP48-QNGgCko5p2g	027	3YkGE2XiIZA	I Gave Away $1,000,000 Live
UC4-79UOlP48-QNGgCko5p2g	028	Pu7oqBY6jMo	How Chocolate Can Change a Child’s Life
UC4-79UOlP48-QNGgCko5p2g	029	VcxLh5Vj36k	These Chickens Will Change People's Lives
UC4-79UOlP48-QNGgCko5p2g	030	y_u72RPerfU	I Dropped a Crate of Chocolate from the Sky
UC4-79UOlP48-QNGgCko5p2g	031	UHRpXNLdwDM	Answer The Call, Win Super Bowl Tickets
UC4-79UOlP48-QNGgCko5p2g	032	8_aIjKi0VLM	Rewatch This Video to Win $1,000,000
UC4-79UOlP48-QNGgCko5p2g	033	4OIlQH_Tcbo	He Took $1,000,000 and Eliminated His Team
UC4-79UOlP48-QNGgCko5p2g	034	7WQ26F-mTF4	Find a Cannon Ball, Win $1,800,000
UC4-79UOlP48-QNGgCko5p2g	035	0IJulOmiz28	Ages 1-100 Try Lunchly
UC4-79UOlP48-QNGgCko5p2g	036	i4jw7-OlwOY	Will He Take the Bribe?
UC4-79UOlP48-QNGgCko5p2g	037	4aVzwo5S47Q	Behind The Scenes of Beast Games
UC4-79UOlP48-QNGgCko5p2g	038	JbsF1-IYL_c	How I Made A Super Bowl Ad
UC4-79UOlP48-QNGgCko5p2g	039	zLgyb5Xq9uE	Lifting Bigger and Bigger Beef Sticks
UC4-79UOlP48-QNGgCko5p2g	040	J_Dp-FEM9Nc	He's a Villain Now
UC4-79UOlP48-QNGgCko5p2g	041	on23fE_IZuU	You Make It, You Eat It
UC4-79UOlP48-QNGgCko5p2g	042	iyHK1m6mink	Get Hit, Lose $5,000,000
UC4-79UOlP48-QNGgCko5p2g	043	kdfidf7ukgQ	The Truth Behind Your Chocolate
UC4-79UOlP48-QNGgCko5p2g	044	SRPdAfJ_4sk	Eliminate Yourself For $100,000
UC4-79UOlP48-QNGgCko5p2g	045	SbjaRl-RfII	Celebrities Compete to Win $1,000,000
UC4-79UOlP48-QNGgCko5p2g	046	iCg1TTpGPcY	Would You Skydive for $100?
UC4-79UOlP48-QNGgCko5p2g	047	TUNcmnOYYTg	Don't Drink The Spicy Mustard
UC4-79UOlP48-QNGgCko5p2g	048	aP3sGJnTiuQ	That’s Not the Hot Cocoa I Wanted
UC4-79UOlP48-QNGgCko5p2g	049	oP3y8LqWNys	Beast Games Season 2 | Official Trailer
UC4-79UOlP48-QNGgCko5p2g	050	JBaDmC5V0T0	Bodybuilders Try My Meat
UC4-79UOlP48-QNGgCko5p2g	051	ayFRfvX4QAM	Tasting Expensive Chocolates From Around The World
UC4-79UOlP48-QNGgCko5p2g	052	6ZmoGc-KSHQ	The Protein Snack You’ll Actually Want To Eat
UC4-79UOlP48-QNGgCko5p2g	053	1EKFqn2cFL4	She Chooses To Split Instead Of Taking $1 Million
UC4-79UOlP48-QNGgCko5p2g	054	if393OYkr7s	World's Largest Domino
UC4-79UOlP48-QNGgCko5p2g	055	k1P7dmrMCEM	How I Made A Burning House Safe
UC4-79UOlP48-QNGgCko5p2g	056	I1e2eHs-hco	The Perfect Caramel Brownie
UC4-79UOlP48-QNGgCko5p2g	057	G7TfqyAxBfo	Reinventing the Peanut Butter Cup
UC4-79UOlP48-QNGgCko5p2g	058	2Z4XcmQ4CKM	I Built a Giant Feastables Jack-O-Lantern
UC4-79UOlP48-QNGgCko5p2g	059	iRtxPYviNSc	Halloween Chase
UC4-79UOlP48-QNGgCko5p2g	060	KvaNvrIfAl0	Spicy Milk Roulette
UC4-79UOlP48-QNGgCko5p2g	061	-PSXIoYle7k	Taste Testing the Rarest Fruits on Earth
UC4-79UOlP48-QNGgCko5p2g	062	uenh7TARscE	Making MrBeast A Feastables Milkshake
UC4-79UOlP48-QNGgCko5p2g	063	6ZKGhfvFj4Y	The Upgrade Your Chocolate Milk Needed
UC4-79UOlP48-QNGgCko5p2g	064	9ZzeHB8ZHq8	New Feastables Gummies Just Dropped
UC4-79UOlP48-QNGgCko5p2g	065	nVJYacT0vug	The Story Behind Feastables Hazelnut Cups
UC4-79UOlP48-QNGgCko5p2g	066	ruwxMftxzCc	You Helped give 40 Million Years of Clean Water #teamwater
UC4-79UOlP48-QNGgCko5p2g	067	r0Jp6emDM6s	We Raised Over $40,000,000 For #TeamWater
UC4-79UOlP48-QNGgCko5p2g	068	OZKTdchanDA	Feastables Chocolate Matching Challenge
UC4-79UOlP48-QNGgCko5p2g	069	_uIuL5tR18E	BTS of “Subscribe to Explode the TNT”
UC4-79UOlP48-QNGgCko5p2g	070	9BMJRqzAjSY	We’ve Raised $10,000,000 For #TeamWater
UC4-79UOlP48-QNGgCko5p2g	071	iVzQyXttEuA	Taste Testing the Rarest Chocolates on Earth
UC4-79UOlP48-QNGgCko5p2g	072	fv85G_lCLX0	Elevated S'mores Tasting with @FastGoodCuisine
UC4-79UOlP48-QNGgCko5p2g	073	JNZKAzmDIYo	The Evolution of Feastables
UC4-79UOlP48-QNGgCko5p2g	074	Q5qqNUAzmCA	Chandler Blind Taste Test
UC4-79UOlP48-QNGgCko5p2g	075	wRWUJ5LVa9g	Feastables vs Hershey's Cookies & Creme
UC4-79UOlP48-QNGgCko5p2g	076	fvg3HAFzWcs	Gordon Ramsey Decides Feastables vs Hershey's
UC4-79UOlP48-QNGgCko5p2g	077	PTzQoxHwrng	How to Win a $10,000 Gold Swarm
UC4-79UOlP48-QNGgCko5p2g	078	lbe7ZlgsUbA	Kai Cenat Meets Hood MrBeast
UC4-79UOlP48-QNGgCko5p2g	079	sQjIqT39a1s	You Can Call Me MrLean
UC4-79UOlP48-QNGgCko5p2g	080	GLfcMYKeNDU	I Buried My Friend Alive In Bees
UC4-79UOlP48-QNGgCko5p2g	081	C8erJrd1R3w	Spreading ❤️ in Paris!
UC4-79UOlP48-QNGgCko5p2g	082	KTYmjDlgfGw	I Can't Believe He Did That
UC4-79UOlP48-QNGgCko5p2g	083	HtYlORZr1Dw	The Ultimate Betrayal
UC4-79UOlP48-QNGgCko5p2g	084	9vHjDKZt4k4	Thumbnail Swaps That Made Videos Go Viral
UC4-79UOlP48-QNGgCko5p2g	085	pdfQwJptwCQ	This Was Calculated
UC4-79UOlP48-QNGgCko5p2g	086	ugyhNAGuTNs	World's Most Expensive Game of Hide & Seek
UC4-79UOlP48-QNGgCko5p2g	087	Fa2fBRhy1jM	Fight For $5,000,000
UC4-79UOlP48-QNGgCko5p2g	088	LJDN7dzrErg	Never Doing This Again…
UC4-79UOlP48-QNGgCko5p2g	089	yf_C8penA9k	Giving A Stranger $1,000,000
UC4-79UOlP48-QNGgCko5p2g	090	Oadev-ZKxSE	We Found Him
UC4-79UOlP48-QNGgCko5p2g	091	HHV4WT8AA1w	Can You Surf A Pool Table?
UC4-79UOlP48-QNGgCko5p2g	092	4EfG3wCiPEI	I’m Giving Away $1,000,000 On Halloween
UC4-79UOlP48-QNGgCko5p2g	093	Hmbz9KV5hkg	POV: You're Watching Talk Tuah
UC4-79UOlP48-QNGgCko5p2g	094	IHNQhb-mjZc	How Many Twins Can You Spot?
UC4-79UOlP48-QNGgCko5p2g	095	H3brekRZEiM	I Made A New Toy!
UC4-79UOlP48-QNGgCko5p2g	096	x30AFRKMTfU	Level 1 To Level 1,000 Package Delivery
UC4-79UOlP48-QNGgCko5p2g	097	m9qhqtBuCF0	Buy Feastables, Win a Car
UC4-79UOlP48-QNGgCko5p2g	098	9CHQyqyReFA	World’s Best Tag Player vs 10 People
UC4-79UOlP48-QNGgCko5p2g	099	D5li2uslkYs	I Hid $10,000 In A Pumpkin
UC4-79UOlP48-QNGgCko5p2g	100	RKT7xqPDy74	I Asked Mark Cuban For $1,000,000
UC4-79UOlP48-QNGgCko5p2g	101	SHOV58tdNiI	Miranda Cosgrove Said What?
UC4-79UOlP48-QNGgCko5p2g	102	sHX6pzhdCP0	$30,000 Relay Race
UC4-79UOlP48-QNGgCko5p2g	103	9fNNhWH-P2E	I Made An Egg Sandwich With @Bayashi TV
UC4-79UOlP48-QNGgCko5p2g	104	on94ouT1TQI	Solve this Mystery, Win a Lamborghini
UC4-79UOlP48-QNGgCko5p2g	105	sHdOH5VTkCg	I Sent Karl To The Moon
UC4-79UOlP48-QNGgCko5p2g	106	j3-38Dh-83w	Can You Solve This Mystery in Paris?
UC4-79UOlP48-QNGgCko5p2g	107	mRE0AXwFL3Y	Sigma x Beast
UC4-79UOlP48-QNGgCko5p2g	108	wWoTXm9rBzo	$100 to Skydive
UC4-79UOlP48-QNGgCko5p2g	109	9uNTBYDa8q8	I Met the Real MrBeast
UC4-79UOlP48-QNGgCko5p2g	110	tRqLAXTVoZw	Water Bottle Flip Challenge
UC4-79UOlP48-QNGgCko5p2g	111	lbqfjEp_XWs	Will You Bring Me Back A Present From Santa?
UC4-79UOlP48-QNGgCko5p2g	112	0kQKIMMiObs	$10,000 Last Man Standing Challenge
UC4-79UOlP48-QNGgCko5p2g	113	lZIlFyzeZig	World's Most Expensive Burger!
UC4-79UOlP48-QNGgCko5p2g	114	UPhxU9J46Qk	Where Chocolate REALLY Comes From
UC4-79UOlP48-QNGgCko5p2g	115	Y-vLayu1NWs	First Person Who Buys My Chocolate Wins $10,000
UC4-79UOlP48-QNGgCko5p2g	116	57AoEm66EZM	Giving Strangers $10,000 If They Watch My Money
UC4-79UOlP48-QNGgCko5p2g	117	EniZMIlfqk0	Would You Buy This MrBeast Mystery Box?
UC4-79UOlP48-QNGgCko5p2g	118	5Qb-uKhSw4Y	Would You Take $1000 Or Give $10,000?
UC4-79UOlP48-QNGgCko5p2g	119	Uov121gdBho	Does Size Matter?
UC4-79UOlP48-QNGgCko5p2g	120	0nS_yE49vDI	World's Most Dangerous Fruit
UC4-79UOlP48-QNGgCko5p2g	121	1Y1Kcfog3KU	I Made a Number One Hit Song
UC4-79UOlP48-QNGgCko5p2g	122	PIIDWkxdcXY	Click If You Like Toast
UC4-79UOlP48-QNGgCko5p2g	123	48aPpt02360	Gordon Ramsay Makes Karl An Idiot Sandwich
UC4-79UOlP48-QNGgCko5p2g	124	PQvsFHXmQcI	Ryan Trahan Delivered Me A Penny
UC4-79UOlP48-QNGgCko5p2g	125	T4MLZQkelkI	I Surprised Subscribers Inside My Gumball Machine #ShortsxMrBeast #YouTubePartner
UC4-79UOlP48-QNGgCko5p2g	126	1C8G1U-82F0	I Built A 40 Foot Tall Gumball Machine #ShortsxMrBeast #YouTubePartner
UC4-79UOlP48-QNGgCko5p2g	127	-JuvzZ0I1I8	Cashiers When MrBeast Buys The Whole Store
UC4-79UOlP48-QNGgCko5p2g	128	kTg4kBRz3t4	World's Best Eater vs Normal Person
UC4-79UOlP48-QNGgCko5p2g	129	kiJcFJhUTu8	#MrBeastShortsGiveaway  | I Will Fly You to VidCon
UC4-79UOlP48-QNGgCko5p2g	130	YvPxFOwpYYg	Sneak Peak Of My Chocolate Factory
UC4-79UOlP48-QNGgCko5p2g	131	3HjlcChckdw	I Used A REAL Lightsaber
UC4-79UOlP48-QNGgCko5p2g	132	Nx9Odqg4Fe0	Only Click This If You're Elon Musk
UC4-79UOlP48-QNGgCko5p2g	133	cK55SlddSo4	POV: You See MrBeast In Public
UC4-79UOlP48-QNGgCko5p2g	134	AAuRnIqXjpE	I STOLE The Bad Guys Movie
UC4-79UOlP48-QNGgCko5p2g	135	nsbHrMXdu3o	POV: You’re Sitting On My Lap
UC4-79UOlP48-QNGgCko5p2g	136	sse_kKOa_4k	Baby Throwing Contest
UC4-79UOlP48-QNGgCko5p2g	137	7NTznJOVIy0	Bella Poarch and Mark Rober Dolls I Made
UC4-79UOlP48-QNGgCko5p2g	138	oFkDadO1qd0	When You Hear About Fortnite Zero Build
UC4-79UOlP48-QNGgCko5p2g	139	7bKoK8WCMz8	$10,000 Every Day You Live Here
UC4-79UOlP48-QNGgCko5p2g	140	d5Iq_0_DNiE	MrBeast Called 911
UC4-79UOlP48-QNGgCko5p2g	141	laaYk9lE0O4	How NOT To Make A Sandwich
UC4-79UOlP48-QNGgCko5p2g	142	AYMuPowoHcY	We Fixed The MrBeast Logo
UC4-79UOlP48-QNGgCko5p2g	143	s5A8cO56wuU	If I Catch Zach King, I Win A Lambo
UC4-79UOlP48-QNGgCko5p2g	144	USNQnhx1QX0	Entering my Villian Arc
UC4-79UOlP48-QNGgCko5p2g	145	y_k0vsyGyzY	Who Will Win Creator Games 3?
UC4-79UOlP48-QNGgCko5p2g	146	snwe2C5Dvoo	Squid Game Behind The Scenes
UC4-79UOlP48-QNGgCko5p2g	147	iqn4vWySmF0	We Cleaned The Beach #shorts #unfckitchallenge #TeamSeas
UC4-79UOlP48-QNGgCko5p2g	148	DMP-uU2988Q	Help Us Save The Ocean
UC4-79UOlP48-QNGgCko5p2g	149	KbYrEtuHIZ4	I'm Stuck In a Bank Vault
UC4-79UOlP48-QNGgCko5p2g	150	ka7-lnvkHcE	Weirdest Pizza Delivery
UC4-79UOlP48-QNGgCko5p2g	151	RS9jRyYFFQM	POV: You Enter The Elevator
UC4-79UOlP48-QNGgCko5p2g	152	3C-H-3GKmSo	Nice
UC4-79UOlP48-QNGgCko5p2g	153	ayoqtcyNurM	When They Don't Have Chicken Nuggets
UC4-79UOlP48-QNGgCko5p2g	154	VdGUsA6TRAY	We Started A Band!
UC4-79UOlP48-QNGgCko5p2g	155	_icWbXT3iq0	$10,000 If They Say The Same Word
UC4-79UOlP48-QNGgCko5p2g	156	NhkzQ2sKRLw	Bad Day? Click Here
UC4-79UOlP48-QNGgCko5p2g	157	6NUAfYJTb9U	Finding The Perfect Spongebob Popsicle
UC4-79UOlP48-QNGgCko5p2g	158	-St6ViJcE0M	Ping Pong Toss Challenge!
UC4-79UOlP48-QNGgCko5p2g	159	D2Nja7c_d6k	Insane Balloon Challenge!
UC4-79UOlP48-QNGgCko5p2g	160	WRxGptfonDI	I Filled a Room With 1000 Balloons!
UC4-79UOlP48-QNGgCko5p2g	161	0VDIibxorIE	100 Pin Bowling Challenge 🎳
UC4-79UOlP48-QNGgCko5p2g	162	ZCVj0ZSd7Ps	Fruit Ninja In Real Life
UC4-79UOlP48-QNGgCko5p2g	163	YOQmn0kMVz0	Spending $10,000,000 In 60 Seconds
UC4-79UOlP48-QNGgCko5p2g	164	_Oegfdw2Ucs	World's Largest Gummy Worm
UC4-79UOlP48-QNGgCko5p2g	165	CC5lNpxVC64	$10,000 If He Rolls A 7
UC4-79UOlP48-QNGgCko5p2g	166	gMjpG-vQkpQ	Only Dream Can Comment On This Video
UC4-79UOlP48-QNGgCko5p2g	167	bKqVcHWhO4Q	Buying All My Merch
UC4-79UOlP48-QNGgCko5p2g	168	Dgu_j0vV0rk	My 50,000,000 SUBSCRIBER PLAY BUTTON!
UC4-79UOlP48-QNGgCko5p2g	169	s-MsZo02dos	This Video Is 3 Seconds
UC4-79UOlP48-QNGgCko5p2g	170	BIWzS_-WaPg	$100 For Every Chicken Nugget
UC4-79UOlP48-QNGgCko5p2g	171	na3i6hcUo94	All My YouTube Play Buttons
UC4-79UOlP48-QNGgCko5p2g	172	1CTyGnUh5Qg	I Am The World’s Greatest Magician
UC4-79UOlP48-QNGgCko5p2g	173	GDURQl8owKI	I Ate A $1000 Golden Cookie
UC4-79UOlP48-QNGgCko5p2g	174	LIu-ZIbp3jc	World's Best Bathroom Gaming Setup
UC4-79UOlP48-QNGgCko5p2g	175	e5nlD2LfGd0	World's Most Expensive Water Bottle
UC4-79UOlP48-QNGgCko5p2g	176	P4IPJI_j6L4	$10,000 If He Makes This Shot
UC4-79UOlP48-QNGgCko5p2g	177	3cxtvDEziXU	PewDiePie Comment On This Video
UC4-79UOlP48-QNGgCko5p2g	178	LexiKXhmu54	Prank Calling Dream
UC4-79UOlP48-QNGgCko5p2g	179	Mblr3BDxEF0	If I Give Away $10,000 The Video Ends
UC4-79UOlP48-QNGgCko5p2g	180	UEJ3AFUZcdU	I Bought Everything In A GameStop #Shorts
UC4-79UOlP48-QNGgCko5p2g	181	zO3z9_OfBNw	$100 For Every Push-up
UC4-79UOlP48-QNGgCko5p2g	182	5hdTdHuZyPY	Trapping Karl #Shorts
UC4-79UOlP48-QNGgCko5p2g	183	fLIvOO-_Gkc	I Threw My Recording Phone Into A Ceiling Fan
UC4-79UOlP48-QNGgCko5p2g	184	qNEago8XQoY	This is funny, I promise!
UC4-79UOlP48-QNGgCko5p2g	185	I3-jhBCcQso	I Put A Firework Under A Trashcan
UC4-79UOlP48-QNGgCko5p2g	186	L4bUyTyK46I	The Funniest Joke You Will Ever Hear In Your Life
UC4-79UOlP48-QNGgCko5p2g	187	I_9N3YaMT-o	Giving A Random Person A Car For No Reason
UC4-79UOlP48-QNGgCko5p2g	188	TVWcqjScBow	I Duct Taped Chandler To A Wall
UC4-79UOlP48-QNGgCko5p2g	189	hG8lvpNx8Oc	$10,000 Challenge
UC4-79UOlP48-QNGgCko5p2g	190	Dx0Da_Y2fBg	I Am The World’s Greatest Samurai
UC4-79UOlP48-QNGgCko5p2g	191	pVQRb9WmtME	I FOUND BIG FOOT IN THE WOODS!
UC4-79UOlP48-QNGgCko5p2g	192	8Vw38cG0kHI	Baby Throwing Contest
UC4-79UOlP48-QNGgCko5p2g	193	bmKI7hBhny8	I Filled A Swimming Pool With Money!
UC4-79UOlP48-QNGgCko5p2g	194	TEF49hVvDy4	Guess the Number and Win $1,000,000 #Shorts
UC4-79UOlP48-QNGgCko5p2g	195	Gcvaa289etA	Watch Out!
UC4-79UOlP48-QNGgCko5p2g	196	WS979NH49Kc	I've Never Blinked In My Life
UC4-79UOlP48-QNGgCko5p2g	197	wdznN3-h_5Y	Launching a $40,000 Firework!
UC4-79UOlP48-QNGgCko5p2g	198	h-EL3eeSZeU	Unlimited Money Machine
UC4-79UOlP48-QNGgCko5p2g	199	RBB9GSMkLHc	How To Never Lose Rock Paper Scissors Again!
UC4-79UOlP48-QNGgCko5p2g	200	xdmuHe_ZDIw	World's Longest Whopper Train! LOL
